#x-axis,1,2
#second,Volt,Volt
-1.525000E+00,-18.844E-03,+0.0E+00
-1.523100E+00,-10.050E-03,-10.050E-03
-1.521200E+00,-18.844E-03,-18.844E-03
-1.519300E+00,-10.050E-03,-10.050E-03
-1.517400E+00,+0.0E+00,+18.844E-03
-1.515500E+00,-8.794E-03,+0.0E+00
-1.513600E+00,-18.844E-03,+0.0E+00
-1.511700E+00,-8.794E-03,-10.050E-03
-1.509800E+00,-18.844E-03,+0.0E+00
-1.507900E+00,-20.101E-03,-28.894E-03
-1.506000E+00,+0.0E+00,-20.101E-03
-1.504100E+00,-18.844E-03,-18.844E-03
-1.502200E+00,-20.101E-03,+0.0E+00
-1.500300E+00,-8.794E-03,+0.0E+00
-1.498400E+00,-18.844E-03,+0.0E+00
-1.496500E+00,-20.101E-03,-18.844E-03
-1.494600E+00,-18.844E-03,-18.844E-03
-1.492700E+00,-8.794E-03,+0.0E+00
-1.490800E+00,-20.101E-03,-18.844E-03
-1.488900E+00,-10.050E-03,+0.0E+00
-1.487000E+00,-20.101E-03,+0.0E+00
-1.485100E+00,-20.101E-03,+0.0E+00
-1.483200E+00,-20.101E-03,-18.844E-03
-1.481300E+00,-8.794E-03,-20.101E-03
-1.479400E+00,-20.101E-03,+0.0E+00
-1.477500E+00,-8.794E-03,-10.050E-03
-1.475600E+00,-20.101E-03,+0.0E+00
-1.473700E+00,-20.101E-03,+0.0E+00
-1.471800E+00,-18.844E-03,-18.844E-03
-1.469900E+00,-8.794E-03,-20.101E-03
-1.468000E+00,+0.0E+00,+0.0E+00
-1.466100E+00,-10.050E-03,-20.101E-03
-1.464200E+00,+0.0E+00,+0.0E+00
-1.462300E+00,+0.0E+00,+0.0E+00
-1.460400E+00,-18.844E-03,-18.844E-03
-1.458500E+00,-20.101E-03,+0.0E+00
-1.456600E+00,-18.844E-03,+0.0E+00
-1.454700E+00,-10.050E-03,-10.050E-03
-1.452800E+00,-38.945E-03,+0.0E+00
-1.450900E+00,-20.101E-03,-8.794E-03
-1.449000E+00,-20.101E-03,-18.844E-03
-1.447100E+00,-8.794E-03,+0.0E+00
-1.445200E+00,-20.101E-03,+0.0E+00
-1.443300E+00,-20.101E-03,+0.0E+00
-1.441400E+00,-18.844E-03,+0.0E+00
-1.439500E+00,-10.050E-03,+0.0E+00
-1.437600E+00,-20.101E-03,+0.0E+00
-1.435700E+00,-8.794E-03,-10.050E-03
-1.433800E+00,+0.0E+00,+0.0E+00
-1.431900E+00,+0.0E+00,+0.0E+00
-1.430000E+00,+0.0E+00,+0.0E+00
-1.428100E+00,-20.101E-03,-8.794E-03
-1.426200E+00,-20.101E-03,-18.844E-03
-1.424300E+00,-10.050E-03,+0.0E+00
-1.422400E+00,+0.0E+00,+0.0E+00
-1.420500E+00,-8.794E-03,+0.0E+00
-1.418600E+00,-20.101E-03,+0.0E+00
-1.416700E+00,-20.101E-03,+8.794E-03
-1.414800E+00,+0.0E+00,+18.844E-03
-1.412900E+00,-20.101E-03,-10.050E-03
-1.411000E+00,-20.101E-03,-18.844E-03
-1.409100E+00,-8.794E-03,+0.0E+00
-1.407200E+00,-20.101E-03,+0.0E+00
-1.405300E+00,-20.101E-03,-20.101E-03
-1.403400E+00,-20.101E-03,-20.101E-03
-1.401500E+00,-20.101E-03,-8.794E-03
-1.399600E+00,+0.0E+00,-18.844E-03
-1.397700E+00,-20.101E-03,+0.0E+00
-1.395800E+00,-18.844E-03,+0.0E+00
-1.393900E+00,-30.151E-03,+0.0E+00
-1.392000E+00,+18.844E-03,-18.844E-03
-1.390100E+00,-10.050E-03,+0.0E+00
-1.388200E+00,-20.101E-03,+0.0E+00
-1.386300E+00,-28.894E-03,+0.0E+00
-1.384400E+00,-18.844E-03,+0.0E+00
-1.382500E+00,-8.794E-03,+0.0E+00
-1.380600E+00,+0.0E+00,-20.101E-03
-1.378700E+00,-30.151E-03,-10.050E-03
-1.376800E+00,-20.101E-03,+0.0E+00
-1.374900E+00,-18.844E-03,+0.0E+00
-1.373000E+00,-18.844E-03,+0.0E+00
-1.371100E+00,-10.050E-03,+0.0E+00
-1.369200E+00,-20.101E-03,+0.0E+00
-1.367300E+00,-8.794E-03,-10.050E-03
-1.365400E+00,-20.101E-03,+0.0E+00
-1.363500E+00,-10.050E-03,+0.0E+00
-1.361600E+00,+0.0E+00,+0.0E+00
-1.359700E+00,-8.794E-03,-20.101E-03
-1.357800E+00,-18.844E-03,+0.0E+00
-1.355900E+00,-8.794E-03,+0.0E+00
-1.354000E+00,+0.0E+00,-20.101E-03
-1.352100E+00,-20.101E-03,+8.794E-03
-1.350200E+00,+0.0E+00,+0.0E+00
-1.348300E+00,-10.050E-03,-10.050E-03
-1.346400E+00,-20.101E-03,+0.0E+00
-1.344500E+00,-20.101E-03,+0.0E+00
-1.342600E+00,-20.101E-03,+0.0E+00
-1.340700E+00,-28.894E-03,-8.794E-03
-1.338800E+00,+521.357E-03,-40.201E-03
-1.336900E+00,+229.899E-03,-100.503E-03
-1.335000E+00,+40.201E-03,-40.201E-03
-1.333100E+00,+40.201E-03,-30.151E-03
-1.331200E+00,+38.945E-03,+0.0E+00
-1.329300E+00,+40.201E-03,-10.050E-03
-1.327400E+00,+20.101E-03,-20.101E-03
-1.325500E+00,+8.794E-03,-20.101E-03
-1.323600E+00,+0.0E+00,-20.101E-03
-1.321700E+00,+20.101E-03,-20.101E-03
-1.319800E+00,-40.201E-03,-20.101E-03
-1.317900E+00,-40.201E-03,-8.794E-03
-1.316000E+00,-20.101E-03,-40.201E-03
-1.314100E+00,-20.101E-03,-40.201E-03
-1.312200E+00,-60.302E-03,-40.201E-03
-1.310300E+00,-60.302E-03,-20.101E-03
-1.308400E+00,-79.146E-03,-20.101E-03
-1.306500E+00,-40.201E-03,-60.302E-03
-1.304600E+00,-120.603E-03,-119.347E-03
-1.302700E+00,-371.859E-03,-80.402E-03
-1.300800E+00,-643.216E-03,+60.302E-03
-1.298900E+00,-522.613E-03,+169.598E-03
-1.297000E+00,-201.005E-03,+159.548E-03
-1.295100E+00,-70.352E-03,+69.095E-03
-1.293200E+00,-59.045E-03,+18.844E-03
-1.291300E+00,-60.302E-03,+0.0E+00
-1.289400E+00,-60.302E-03,+38.945E-03
-1.287500E+00,-50.251E-03,+20.101E-03
-1.285600E+00,-38.945E-03,+20.101E-03
-1.283700E+00,-30.151E-03,+0.0E+00
-1.281800E+00,-20.101E-03,+18.844E-03
-1.279900E+00,+0.0E+00,+8.794E-03
-1.278000E+00,+0.0E+00,+0.0E+00
-1.276100E+00,-8.794E-03,+20.101E-03
-1.274200E+00,-18.844E-03,+0.0E+00
-1.272300E+00,+10.050E-03,+20.101E-03
-1.270400E+00,+20.101E-03,+38.945E-03
-1.268500E+00,+30.151E-03,+20.101E-03
-1.266600E+00,+0.0E+00,+40.201E-03
-1.264700E+00,+50.251E-03,+90.452E-03
-1.262800E+00,+281.407E-03,+160.804E-03
-1.260900E+00,+542.714E-03,+140.704E-03
-1.259000E+00,+482.412E-03,+18.844E-03
-1.257100E+00,+239.950E-03,-70.352E-03
-1.255200E+00,+59.045E-03,-60.302E-03
-1.253300E+00,+40.201E-03,-40.201E-03
-1.251400E+00,+20.101E-03,+0.0E+00
-1.249500E+00,+20.101E-03,+0.0E+00
-1.247600E+00,+20.101E-03,-38.945E-03
-1.245700E+00,+10.050E-03,-40.201E-03
-1.243800E+00,+0.0E+00,+0.0E+00
-1.241900E+00,+0.0E+00,-8.794E-03
-1.240000E+00,-20.101E-03,+0.0E+00
-1.238100E+00,-40.201E-03,-10.050E-03
-1.236200E+00,-38.945E-03,-20.101E-03
-1.234300E+00,-20.101E-03,-20.101E-03
-1.232400E+00,-59.045E-03,-20.101E-03
-1.230500E+00,-60.302E-03,-8.794E-03
-1.228600E+00,-60.302E-03,-18.844E-03
-1.226700E+00,-60.302E-03,-50.251E-03
-1.224800E+00,-120.603E-03,-80.402E-03
-1.222900E+00,-301.508E-03,-60.302E-03
-1.221000E+00,-561.558E-03,+40.201E-03
-1.219100E+00,-471.106E-03,+169.598E-03
-1.217200E+00,-199.749E-03,+140.704E-03
-1.215300E+00,-60.302E-03,+60.302E-03
-1.213400E+00,-40.201E-03,+20.101E-03
-1.211500E+00,-50.251E-03,+8.794E-03
-1.209600E+00,-60.302E-03,+0.0E+00
-1.207700E+00,-40.201E-03,+20.101E-03
-1.205800E+00,-38.945E-03,+0.0E+00
-1.203900E+00,-20.101E-03,+10.050E-03
-1.202000E+00,-20.101E-03,+0.0E+00
-1.200100E+00,-10.050E-03,+8.794E-03
-1.198200E+00,+0.0E+00,+0.0E+00
-1.196300E+00,-10.050E-03,+8.794E-03
-1.194400E+00,+0.0E+00,+20.101E-03
-1.192500E+00,+20.101E-03,+10.050E-03
-1.190600E+00,+20.101E-03,+20.101E-03
-1.188700E+00,+20.101E-03,+8.794E-03
-1.186800E+00,+18.844E-03,+40.201E-03
-1.184900E+00,+48.995E-03,+70.352E-03
-1.183000E+00,+180.905E-03,+159.548E-03
-1.181100E+00,+442.211E-03,+100.503E-03
-1.179200E+00,+461.055E-03,-20.101E-03
-1.177300E+00,+209.799E-03,-90.452E-03
-1.175400E+00,+59.045E-03,-80.402E-03
-1.173500E+00,+20.101E-03,-28.894E-03
-1.171600E+00,+20.101E-03,+0.0E+00
-1.169700E+00,+40.201E-03,-30.151E-03
-1.167800E+00,+38.945E-03,-20.101E-03
-1.165900E+00,+10.050E-03,-20.101E-03
-1.164000E+00,-18.844E-03,-40.201E-03
-1.162100E+00,-8.794E-03,-10.050E-03
-1.160200E+00,-20.101E-03,+18.844E-03
-1.158300E+00,-28.894E-03,-20.101E-03
-1.156400E+00,-20.101E-03,+0.0E+00
-1.154500E+00,-20.101E-03,-28.894E-03
-1.152600E+00,-20.101E-03,-38.945E-03
-1.150700E+00,-69.095E-03,-10.050E-03
-1.148800E+00,-60.302E-03,-38.945E-03
-1.146900E+00,-50.251E-03,-30.151E-03
-1.145000E+00,-60.302E-03,-60.302E-03
-1.143100E+00,-211.055E-03,-120.603E-03
-1.141200E+00,-442.211E-03,-40.201E-03
-1.139300E+00,-430.905E-03,+30.151E-03
-1.137400E+00,-219.849E-03,+80.402E-03
-1.135500E+00,-69.095E-03,+50.251E-03
-1.133600E+00,-40.201E-03,+0.0E+00
-1.131700E+00,-60.302E-03,-10.050E-03
-1.129800E+00,-60.302E-03,-18.844E-03
-1.127900E+00,-48.995E-03,+8.794E-03
-1.126000E+00,-40.201E-03,+18.844E-03
-1.124100E+00,-28.894E-03,+0.0E+00
-1.122200E+00,-38.945E-03,+0.0E+00
-1.120300E+00,-20.101E-03,+20.101E-03
-1.118400E+00,+0.0E+00,+0.0E+00
-1.116500E+00,+10.050E-03,+0.0E+00
-1.114600E+00,-18.844E-03,+0.0E+00
-1.112700E+00,+0.0E+00,+8.794E-03
-1.110800E+00,+0.0E+00,+0.0E+00
-1.108900E+00,+8.794E-03,+0.0E+00
-1.107000E+00,+20.101E-03,+0.0E+00
-1.105100E+00,+30.151E-03,+40.201E-03
-1.103200E+00,+160.804E-03,+79.146E-03
-1.101300E+00,+341.709E-03,+48.995E-03
-1.099400E+00,+321.608E-03,-60.302E-03
-1.097500E+00,+180.905E-03,-100.503E-03
-1.095600E+00,+40.201E-03,-79.146E-03
-1.093700E+00,+8.794E-03,-30.151E-03
-1.091800E+00,+18.844E-03,-20.101E-03
-1.089900E+00,+20.101E-03,-8.794E-03
-1.088000E+00,+0.0E+00,-20.101E-03
-1.086100E+00,+0.0E+00,-28.894E-03
-1.084200E+00,+0.0E+00,+0.0E+00
-1.082300E+00,-10.050E-03,-10.050E-03
-1.080400E+00,+0.0E+00,-18.844E-03
-1.078500E+00,-28.894E-03,+0.0E+00
-1.076600E+00,+0.0E+00,-20.101E-03
-1.074700E+00,-20.101E-03,-8.794E-03
-1.072800E+00,-38.945E-03,-38.945E-03
-1.070900E+00,-40.201E-03,-20.101E-03
-1.069000E+00,-59.045E-03,-18.844E-03
-1.067100E+00,-20.101E-03,-28.894E-03
-1.065200E+00,-40.201E-03,-40.201E-03
-1.063300E+00,-130.653E-03,-100.503E-03
-1.061400E+00,-301.508E-03,-60.302E-03
-1.059500E+00,-321.608E-03,+20.101E-03
-1.057600E+00,-159.548E-03,+60.302E-03
-1.055700E+00,-59.045E-03,+28.894E-03
-1.053800E+00,-20.101E-03,+0.0E+00
-1.051900E+00,-50.251E-03,+10.050E-03
-1.050000E+00,-20.101E-03,+0.0E+00
-1.048100E+00,-28.894E-03,+0.0E+00
-1.046200E+00,-38.945E-03,+0.0E+00
-1.044300E+00,-20.101E-03,+0.0E+00
-1.042400E+00,-38.945E-03,+0.0E+00
-1.040500E+00,-20.101E-03,+10.050E-03
-1.038600E+00,+0.0E+00,+0.0E+00
-1.036700E+00,-20.101E-03,+10.050E-03
-1.034800E+00,+0.0E+00,+0.0E+00
-1.032900E+00,+0.0E+00,+0.0E+00
-1.031000E+00,+20.101E-03,+18.844E-03
-1.029100E+00,+8.794E-03,+0.0E+00
-1.027200E+00,+0.0E+00,+0.0E+00
-1.025300E+00,+10.050E-03,+30.151E-03
-1.023400E+00,+60.302E-03,+60.302E-03
-1.021500E+00,+201.005E-03,+50.251E-03
-1.019600E+00,+261.307E-03,-20.101E-03
-1.017700E+00,+120.603E-03,-60.302E-03
-1.015800E+00,+20.101E-03,-60.302E-03
-1.013900E+00,+0.0E+00,-28.894E-03
-1.012000E+00,+0.0E+00,+0.0E+00
-1.010100E+00,+10.050E-03,-8.794E-03
-1.008200E+00,-18.844E-03,+0.0E+00
-1.006300E+00,-10.050E-03,-20.101E-03
-1.004400E+00,+0.0E+00,+0.0E+00
-1.002500E+00,+0.0E+00,-8.794E-03
-1.000600E+00,+0.0E+00,-18.844E-03
-998.700E-03,-28.894E-03,+0.0E+00
-996.800E-03,-20.101E-03,+0.0E+00
-994.900E-03,-20.101E-03,-20.101E-03
-993.000E-03,-20.101E-03,+0.0E+00
-991.100E-03,-30.151E-03,-8.794E-03
-989.200E-03,-40.201E-03,+0.0E+00
-987.300E-03,-28.894E-03,-10.050E-03
-985.400E-03,-38.945E-03,-20.101E-03
-983.500E-03,-89.196E-03,-40.201E-03
-981.600E-03,-180.905E-03,-18.844E-03
-979.700E-03,-189.698E-03,+48.995E-03
-977.800E-03,-119.347E-03,+60.302E-03
-975.900E-03,-40.201E-03,+30.151E-03
-974.000E-03,+0.0E+00,+0.0E+00
-972.100E-03,-28.894E-03,+0.0E+00
-970.200E-03,-40.201E-03,+0.0E+00
-968.300E-03,-28.894E-03,+0.0E+00
-966.400E-03,+0.0E+00,+0.0E+00
-964.500E-03,-8.794E-03,+0.0E+00
-962.600E-03,-18.844E-03,+0.0E+00
-960.700E-03,-20.101E-03,+0.0E+00
-958.800E-03,+0.0E+00,+0.0E+00
-956.900E-03,-20.101E-03,+0.0E+00
-955.000E-03,-20.101E-03,+0.0E+00
-953.100E-03,+0.0E+00,+10.050E-03
-951.200E-03,+18.844E-03,+18.844E-03
-949.300E-03,-8.794E-03,+10.050E-03
-947.400E-03,+0.0E+00,+18.844E-03
-945.500E-03,-20.101E-03,+10.050E-03
-943.600E-03,+18.844E-03,+40.201E-03
-941.700E-03,+90.452E-03,+80.402E-03
-939.800E-03,+120.603E-03,+20.101E-03
-937.900E-03,+69.095E-03,-10.050E-03
-936.000E-03,+18.844E-03,-20.101E-03
-934.100E-03,+0.0E+00,-20.101E-03
-932.200E-03,-18.844E-03,+0.0E+00
-930.300E-03,+8.794E-03,+10.050E-03
-928.400E-03,+18.844E-03,-18.844E-03
-926.500E-03,+0.0E+00,-10.050E-03
-924.600E-03,-18.844E-03,+0.0E+00
-922.700E-03,-20.101E-03,+0.0E+00
-920.800E-03,+0.0E+00,-18.844E-03
-918.900E-03,-20.101E-03,+0.0E+00
-917.000E-03,+0.0E+00,-18.844E-03
-915.100E-03,-8.794E-03,-10.050E-03
-913.200E-03,-20.101E-03,+0.0E+00
-911.300E-03,-20.101E-03,-8.794E-03
-909.400E-03,-20.101E-03,+0.0E+00
-907.500E-03,-30.151E-03,+0.0E+00
-905.600E-03,-20.101E-03,+0.0E+00
-903.700E-03,-40.201E-03,-20.101E-03
-901.800E-03,-80.402E-03,+0.0E+00
-899.900E-03,-90.452E-03,+40.201E-03
-898.000E-03,-59.045E-03,+40.201E-03
-896.100E-03,-30.151E-03,+0.0E+00
-894.200E-03,-20.101E-03,+18.844E-03
-892.300E-03,-20.101E-03,+0.0E+00
-890.400E-03,-38.945E-03,+0.0E+00
-888.500E-03,-10.050E-03,+0.0E+00
-886.600E-03,-20.101E-03,+0.0E+00
-884.700E-03,-10.050E-03,-8.794E-03
-882.800E-03,-18.844E-03,-18.844E-03
-880.900E-03,-40.201E-03,-8.794E-03
-879.000E-03,-20.101E-03,+18.844E-03
-877.100E-03,+0.0E+00,-10.050E-03
-875.200E-03,-20.101E-03,-18.844E-03
-873.300E-03,-8.794E-03,+0.0E+00
-871.400E-03,-20.101E-03,+18.844E-03
-869.500E-03,-10.050E-03,+0.0E+00
-867.600E-03,-18.844E-03,+0.0E+00
-865.700E-03,-8.794E-03,-8.794E-03
-863.800E-03,-38.945E-03,+38.945E-03
-861.900E-03,+10.050E-03,+40.201E-03
-860.000E-03,+20.101E-03,+20.101E-03
-858.100E-03,+8.794E-03,+20.101E-03
-856.200E-03,-18.844E-03,-20.101E-03
-854.300E-03,+10.050E-03,-8.794E-03
-852.400E-03,-18.844E-03,+18.844E-03
-850.500E-03,-10.050E-03,-10.050E-03
-848.600E-03,+0.0E+00,-18.844E-03
-846.700E-03,-10.050E-03,+0.0E+00
-844.800E-03,+0.0E+00,+0.0E+00
-842.900E-03,-8.794E-03,+0.0E+00
-841.000E-03,+0.0E+00,+0.0E+00
-839.100E-03,-20.101E-03,+10.050E-03
-837.200E-03,-20.101E-03,+0.0E+00
-835.300E-03,-20.101E-03,+0.0E+00
-833.400E-03,-18.844E-03,+0.0E+00
-831.500E-03,-30.151E-03,+0.0E+00
-829.600E-03,+0.0E+00,+0.0E+00
-827.700E-03,-8.794E-03,+0.0E+00
-825.800E-03,-20.101E-03,-18.844E-03
-823.900E-03,-28.894E-03,-8.794E-03
-822.000E-03,+0.0E+00,+0.0E+00
-820.100E-03,+8.794E-03,+30.151E-03
-818.200E-03,+0.0E+00,+18.844E-03
-816.300E-03,+0.0E+00,+10.050E-03
-814.400E-03,-38.945E-03,+0.0E+00
-812.500E-03,-8.794E-03,-20.101E-03
-810.600E-03,-20.101E-03,-20.101E-03
-808.700E-03,-20.101E-03,+0.0E+00
-806.800E-03,-20.101E-03,+0.0E+00
-804.900E-03,-10.050E-03,+0.0E+00
-803.000E-03,-18.844E-03,+0.0E+00
-801.100E-03,+0.0E+00,+0.0E+00
-799.200E-03,+0.0E+00,+0.0E+00
-797.300E-03,-20.101E-03,+0.0E+00
-795.400E-03,+0.0E+00,+0.0E+00
-793.500E-03,-10.050E-03,-8.794E-03
-791.600E-03,+0.0E+00,-18.844E-03
-789.700E-03,-20.101E-03,-8.794E-03
-787.800E-03,-20.101E-03,+0.0E+00
-785.900E-03,-20.101E-03,-8.794E-03
-784.000E-03,-38.945E-03,+0.0E+00
-782.100E-03,-60.302E-03,+28.894E-03
-780.200E-03,-60.302E-03,+20.101E-03
-778.300E-03,-48.995E-03,+20.101E-03
-776.400E-03,-20.101E-03,+20.101E-03
-774.500E-03,-8.794E-03,-8.794E-03
-772.600E-03,-18.844E-03,-18.844E-03
-770.700E-03,-20.101E-03,+0.0E+00
-768.800E-03,+0.0E+00,+0.0E+00
-766.900E-03,+0.0E+00,-8.794E-03
-765.000E-03,-20.101E-03,+0.0E+00
-763.100E-03,-8.794E-03,+0.0E+00
-761.200E-03,-20.101E-03,+0.0E+00
-759.300E-03,-8.794E-03,+0.0E+00
-757.400E-03,-20.101E-03,+0.0E+00
-755.500E-03,-10.050E-03,+0.0E+00
-753.600E-03,+0.0E+00,-18.844E-03
-751.700E-03,-8.794E-03,-20.101E-03
-749.800E-03,-20.101E-03,+0.0E+00
-747.900E-03,+0.0E+00,+10.050E-03
-746.000E-03,-18.844E-03,+0.0E+00
-744.100E-03,-8.794E-03,+8.794E-03
-742.200E-03,+40.201E-03,+59.045E-03
-740.300E-03,+90.452E-03,+40.201E-03
-738.400E-03,+59.045E-03,+0.0E+00
-736.500E-03,+20.101E-03,-20.101E-03
-734.600E-03,-18.844E-03,-18.844E-03
-732.700E-03,-20.101E-03,+0.0E+00
-730.800E-03,+0.0E+00,-20.101E-03
-728.900E-03,-10.050E-03,-8.794E-03
-727.000E-03,-20.101E-03,-18.844E-03
-725.100E-03,-8.794E-03,+0.0E+00
-723.200E-03,-20.101E-03,+0.0E+00
-721.300E-03,-30.151E-03,-10.050E-03
-719.400E-03,-20.101E-03,+0.0E+00
-717.500E-03,-8.794E-03,-8.794E-03
-715.600E-03,-20.101E-03,-20.101E-03
-713.700E-03,-10.050E-03,-10.050E-03
-711.800E-03,-38.945E-03,-18.844E-03
-709.900E-03,-20.101E-03,+0.0E+00
-708.000E-03,-18.844E-03,+0.0E+00
-706.100E-03,-20.101E-03,+0.0E+00
-704.200E-03,-40.201E-03,+0.0E+00
-702.300E-03,-110.553E-03,-8.794E-03
-700.400E-03,-120.603E-03,+38.945E-03
-698.500E-03,-80.402E-03,+48.995E-03
-696.600E-03,-40.201E-03,+0.0E+00
-694.700E-03,-20.101E-03,+0.0E+00
-692.800E-03,-20.101E-03,+0.0E+00
-690.900E-03,-20.101E-03,+0.0E+00
-689.000E-03,-20.101E-03,+0.0E+00
-687.100E-03,-8.794E-03,+8.794E-03
-685.200E-03,-18.844E-03,+0.0E+00
-683.300E-03,-20.101E-03,+0.0E+00
-681.400E-03,+0.0E+00,+0.0E+00
-679.500E-03,+0.0E+00,+8.794E-03
-677.600E-03,-20.101E-03,+18.844E-03
-675.700E-03,-8.794E-03,+0.0E+00
-673.800E-03,+0.0E+00,+0.0E+00
-671.900E-03,-20.101E-03,+10.050E-03
-670.000E-03,+18.844E-03,+0.0E+00
-668.100E-03,-10.050E-03,-8.794E-03
-666.200E-03,-20.101E-03,+0.0E+00
-664.300E-03,+8.794E-03,+0.0E+00
-662.400E-03,+79.146E-03,+40.201E-03
-660.500E-03,+120.603E-03,+28.894E-03
-658.600E-03,+119.347E-03,+0.0E+00
-656.700E-03,+30.151E-03,-30.151E-03
-654.800E-03,+0.0E+00,-38.945E-03
-652.900E-03,-8.794E-03,-8.794E-03
-651.000E-03,-18.844E-03,+0.0E+00
-649.100E-03,-10.050E-03,+0.0E+00
-647.200E-03,+0.0E+00,-20.101E-03
-645.300E-03,-20.101E-03,-8.794E-03
-643.400E-03,+0.0E+00,-18.844E-03
-641.500E-03,-20.101E-03,+10.050E-03
-639.600E-03,-20.101E-03,+0.0E+00
-637.700E-03,+0.0E+00,+0.0E+00
-635.800E-03,-18.844E-03,+0.0E+00
-633.900E-03,-8.794E-03,-20.101E-03
-632.000E-03,-20.101E-03,-18.844E-03
-630.100E-03,-40.201E-03,-8.794E-03
-628.200E-03,-20.101E-03,+0.0E+00
-626.300E-03,-20.101E-03,-8.794E-03
-624.400E-03,-59.045E-03,-20.101E-03
-622.500E-03,-120.603E-03,-20.101E-03
-620.600E-03,-160.804E-03,+20.101E-03
-618.700E-03,-140.704E-03,+48.995E-03
-616.800E-03,-60.302E-03,+40.201E-03
-614.900E-03,-28.894E-03,+20.101E-03
-613.000E-03,+0.0E+00,+0.0E+00
-611.100E-03,-30.151E-03,+0.0E+00
-609.200E-03,-20.101E-03,+0.0E+00
-607.300E-03,-20.101E-03,-10.050E-03
-605.400E-03,+0.0E+00,+0.0E+00
-603.500E-03,-30.151E-03,+10.050E-03
-601.600E-03,-20.101E-03,+18.844E-03
-599.700E-03,-20.101E-03,+0.0E+00
-597.800E-03,-20.101E-03,+0.0E+00
-595.900E-03,-20.101E-03,-8.794E-03
-594.000E-03,-38.945E-03,-18.844E-03
-592.100E-03,-8.794E-03,+10.050E-03
-590.200E-03,+0.0E+00,+0.0E+00
-588.300E-03,-20.101E-03,+0.0E+00
-586.400E-03,+0.0E+00,+0.0E+00
-584.500E-03,+20.101E-03,+8.794E-03
-582.600E-03,+80.402E-03,+40.201E-03
-580.700E-03,+160.804E-03,+18.844E-03
-578.800E-03,+120.603E-03,-20.101E-03
-576.900E-03,+60.302E-03,-28.894E-03
-575.000E-03,+0.0E+00,-20.101E-03
-573.100E-03,+0.0E+00,-20.101E-03
-571.200E-03,+0.0E+00,-20.101E-03
-569.300E-03,+8.794E-03,-20.101E-03
-567.400E-03,+0.0E+00,+0.0E+00
-565.500E-03,+0.0E+00,+0.0E+00
-563.600E-03,-18.844E-03,-18.844E-03
-561.700E-03,-8.794E-03,-8.794E-03
-559.800E-03,+0.0E+00,+0.0E+00
-557.900E-03,-30.151E-03,+10.050E-03
-556.000E-03,-18.844E-03,+0.0E+00
-554.100E-03,-20.101E-03,-10.050E-03
-552.200E-03,-20.101E-03,-20.101E-03
-550.300E-03,-20.101E-03,-8.794E-03
-548.400E-03,+0.0E+00,-18.844E-03
-546.500E-03,-10.050E-03,-20.101E-03
-544.600E-03,-40.201E-03,-40.201E-03
-542.700E-03,-80.402E-03,-50.251E-03
-540.800E-03,-180.905E-03,+0.0E+00
-538.900E-03,-149.497E-03,+30.151E-03
-537.000E-03,-79.146E-03,+38.945E-03
-535.100E-03,-40.201E-03,+8.794E-03
-533.200E-03,-20.101E-03,+0.0E+00
-531.300E-03,-30.151E-03,-8.794E-03
-529.400E-03,-38.945E-03,+0.0E+00
-527.500E-03,-18.844E-03,-20.101E-03
-525.600E-03,+0.0E+00,+0.0E+00
-523.700E-03,-20.101E-03,+8.794E-03
-521.800E-03,-18.844E-03,+0.0E+00
-519.900E-03,-10.050E-03,+20.101E-03
-518.000E-03,+0.0E+00,+0.0E+00
-516.100E-03,-8.794E-03,+0.0E+00
-514.200E-03,-18.844E-03,+20.101E-03
-512.300E-03,+0.0E+00,+0.0E+00
-510.400E-03,+18.844E-03,+0.0E+00
-508.500E-03,-8.794E-03,-8.794E-03
-506.600E-03,+0.0E+00,+0.0E+00
-504.700E-03,+8.794E-03,+30.151E-03
-502.800E-03,+79.146E-03,+20.101E-03
-500.900E-03,+140.704E-03,+0.0E+00
-499.000E-03,+139.447E-03,-40.201E-03
-497.100E-03,+50.251E-03,-60.302E-03
-495.200E-03,+0.0E+00,-20.101E-03
-493.300E-03,+0.0E+00,+0.0E+00
-491.400E-03,+0.0E+00,+0.0E+00
-489.500E-03,+0.0E+00,+0.0E+00
-487.600E-03,-18.844E-03,-20.101E-03
-485.700E-03,+0.0E+00,-8.794E-03
-483.800E-03,-20.101E-03,+18.844E-03
-481.900E-03,-20.101E-03,+0.0E+00
-480.000E-03,+0.0E+00,-18.844E-03
-478.100E-03,-10.050E-03,+8.794E-03
-476.200E-03,+0.0E+00,-18.844E-03
-474.300E-03,-10.050E-03,-8.794E-03
-472.400E-03,+0.0E+00,+0.0E+00
-470.500E-03,-40.201E-03,-20.101E-03
-468.600E-03,-20.101E-03,+0.0E+00
-466.700E-03,-20.101E-03,-20.101E-03
-464.800E-03,-20.101E-03,-20.101E-03
-462.900E-03,-80.402E-03,-50.251E-03
-461.000E-03,-160.804E-03,-20.101E-03
-459.100E-03,-160.804E-03,+20.101E-03
-457.200E-03,-60.302E-03,+40.201E-03
-455.300E-03,-30.151E-03,+20.101E-03
-453.400E-03,-20.101E-03,+0.0E+00
-451.500E-03,-28.894E-03,+0.0E+00
-449.600E-03,-20.101E-03,-18.844E-03
-447.700E-03,-20.101E-03,+0.0E+00
-445.800E-03,+0.0E+00,+18.844E-03
-443.900E-03,-8.794E-03,+8.794E-03
-442.000E-03,-20.101E-03,+18.844E-03
-440.100E-03,-10.050E-03,+20.101E-03
-438.200E-03,+18.844E-03,+0.0E+00
-436.300E-03,-10.050E-03,-10.050E-03
-434.400E-03,-18.844E-03,+0.0E+00
-432.500E-03,+0.0E+00,+8.794E-03
-430.600E-03,+18.844E-03,+0.0E+00
-428.700E-03,+0.0E+00,-8.794E-03
-426.800E-03,-20.101E-03,+0.0E+00
-424.900E-03,-10.050E-03,+10.050E-03
-423.000E-03,+40.201E-03,+40.201E-03
-421.100E-03,+130.653E-03,+20.101E-03
-419.200E-03,+120.603E-03,+0.0E+00
-417.300E-03,+40.201E-03,-20.101E-03
-415.400E-03,-18.844E-03,-20.101E-03
-413.500E-03,+0.0E+00,-28.894E-03
-411.600E-03,-20.101E-03,+0.0E+00
-409.700E-03,+0.0E+00,-8.794E-03
-407.800E-03,+0.0E+00,-18.844E-03
-405.900E-03,+0.0E+00,-8.794E-03
-404.000E-03,-20.101E-03,+0.0E+00
-402.100E-03,-10.050E-03,+0.0E+00
-400.200E-03,+0.0E+00,+18.844E-03
-398.300E-03,-8.794E-03,+0.0E+00
-396.400E-03,-38.945E-03,-18.844E-03
-394.500E-03,-8.794E-03,-10.050E-03
-392.600E-03,-18.844E-03,-18.844E-03
-390.700E-03,-40.201E-03,+0.0E+00
-388.800E-03,-20.101E-03,-18.844E-03
-386.900E-03,-20.101E-03,-20.101E-03
-385.000E-03,-40.201E-03,-38.945E-03
-383.100E-03,-90.452E-03,-40.201E-03
-381.200E-03,-120.603E-03,+0.0E+00
-379.300E-03,-120.603E-03,+60.302E-03
-377.400E-03,-79.146E-03,+40.201E-03
-375.500E-03,-20.101E-03,+28.894E-03
-373.600E-03,-18.844E-03,+20.101E-03
-371.700E-03,-30.151E-03,+0.0E+00
-369.800E-03,-20.101E-03,+0.0E+00
-367.900E-03,-20.101E-03,+8.794E-03
-366.000E-03,-20.101E-03,+0.0E+00
-364.100E-03,-20.101E-03,+0.0E+00
-362.200E-03,-20.101E-03,+0.0E+00
-360.300E-03,-20.101E-03,+8.794E-03
-358.400E-03,-18.844E-03,+0.0E+00
-356.500E-03,-10.050E-03,+0.0E+00
-354.600E-03,+0.0E+00,+18.844E-03
-352.700E-03,+0.0E+00,+0.0E+00
-350.800E-03,+0.0E+00,+0.0E+00
-348.900E-03,+0.0E+00,+0.0E+00
-347.000E-03,+0.0E+00,+0.0E+00
-345.100E-03,-20.101E-03,+30.151E-03
-343.200E-03,+20.101E-03,+20.101E-03
-341.300E-03,+90.452E-03,+30.151E-03
-339.400E-03,+80.402E-03,+18.844E-03
-337.500E-03,+48.995E-03,-10.050E-03
-335.600E-03,+0.0E+00,-20.101E-03
-333.700E-03,+0.0E+00,+0.0E+00
-331.800E-03,+0.0E+00,+0.0E+00
-329.900E-03,+0.0E+00,-10.050E-03
-328.000E-03,+0.0E+00,+0.0E+00
-326.100E-03,-20.101E-03,-10.050E-03
-324.200E-03,-18.844E-03,+0.0E+00
-322.300E-03,-30.151E-03,-8.794E-03
-320.400E-03,-20.101E-03,-18.844E-03
-318.500E-03,+0.0E+00,+0.0E+00
-316.600E-03,-18.844E-03,-18.844E-03
-314.700E-03,+0.0E+00,-20.101E-03
-312.800E-03,+0.0E+00,-38.945E-03
-310.900E-03,-30.151E-03,+10.050E-03
-309.000E-03,-38.945E-03,+18.844E-03
-307.100E-03,-20.101E-03,-10.050E-03
-305.200E-03,+0.0E+00,-20.101E-03
-303.300E-03,-40.201E-03,-8.794E-03
-301.400E-03,-100.503E-03,+18.844E-03
-299.500E-03,-90.452E-03,+30.151E-03
-297.600E-03,-40.201E-03,+40.201E-03
-295.700E-03,-20.101E-03,+10.050E-03
-293.800E-03,+0.0E+00,+0.0E+00
-291.900E-03,-20.101E-03,-20.101E-03
-290.000E-03,+0.0E+00,+0.0E+00
-288.100E-03,-20.101E-03,-8.794E-03
-286.200E-03,+0.0E+00,+0.0E+00
-284.300E-03,-20.101E-03,+0.0E+00
-282.400E-03,-20.101E-03,+0.0E+00
-280.500E-03,-10.050E-03,+10.050E-03
-278.600E-03,+0.0E+00,+0.0E+00
-276.700E-03,+0.0E+00,+0.0E+00
-274.800E-03,+0.0E+00,+18.844E-03
-272.900E-03,-20.101E-03,+8.794E-03
-271.000E-03,-20.101E-03,-20.101E-03
-269.100E-03,+0.0E+00,+0.0E+00
-267.200E-03,-20.101E-03,+18.844E-03
-265.300E-03,-20.101E-03,+20.101E-03
-263.400E-03,+0.0E+00,+38.945E-03
-261.500E-03,+30.151E-03,+20.101E-03
-259.600E-03,+40.201E-03,+0.0E+00
-257.700E-03,+28.894E-03,-20.101E-03
-255.800E-03,+0.0E+00,-20.101E-03
-253.900E-03,-10.050E-03,+0.0E+00
-252.000E-03,+0.0E+00,+0.0E+00
-250.100E-03,-10.050E-03,-10.050E-03
-248.200E-03,+0.0E+00,+0.0E+00
-246.300E-03,+0.0E+00,-10.050E-03
-244.400E-03,+0.0E+00,+0.0E+00
-242.500E-03,-8.794E-03,+0.0E+00
-240.600E-03,-18.844E-03,+0.0E+00
-238.700E-03,+0.0E+00,-10.050E-03
-236.800E-03,-38.945E-03,+0.0E+00
-234.900E-03,+0.0E+00,-10.050E-03
-233.000E-03,-20.101E-03,-20.101E-03
-231.100E-03,-20.101E-03,+0.0E+00
-229.200E-03,-18.844E-03,+0.0E+00
-227.300E-03,-10.050E-03,+10.050E-03
-225.400E-03,-20.101E-03,-20.101E-03
-223.500E-03,-40.201E-03,-18.844E-03
-221.600E-03,-79.146E-03,+0.0E+00
-219.700E-03,-60.302E-03,+20.101E-03
-217.800E-03,-38.945E-03,+20.101E-03
-215.900E-03,+0.0E+00,+0.0E+00
-214.000E-03,+0.0E+00,-18.844E-03
-212.100E-03,-8.794E-03,+0.0E+00
-210.200E-03,-20.101E-03,+0.0E+00
-208.300E-03,-10.050E-03,+0.0E+00
-206.400E-03,+0.0E+00,+0.0E+00
-204.500E-03,-28.894E-03,+10.050E-03
-202.600E-03,-20.101E-03,+0.0E+00
-200.700E-03,-20.101E-03,+0.0E+00
-198.800E-03,+0.0E+00,+20.101E-03
-196.900E-03,-10.050E-03,+0.0E+00
-195.000E-03,+0.0E+00,+18.844E-03
-193.100E-03,-20.101E-03,+0.0E+00
-191.200E-03,-20.101E-03,+0.0E+00
-189.300E-03,+0.0E+00,+8.794E-03
-187.400E-03,+0.0E+00,+0.0E+00
-185.500E-03,-10.050E-03,+8.794E-03
-183.600E-03,-18.844E-03,+20.101E-03
-181.700E-03,+20.101E-03,+28.894E-03
-179.800E-03,+20.101E-03,+0.0E+00
-177.900E-03,+10.050E-03,+0.0E+00
-176.000E-03,-20.101E-03,-18.844E-03
-174.100E-03,-8.794E-03,-8.794E-03
-172.200E-03,-18.844E-03,+0.0E+00
-170.300E-03,-10.050E-03,+0.0E+00
-168.400E-03,-18.844E-03,+0.0E+00
-166.500E-03,-20.101E-03,+0.0E+00
-164.600E-03,+0.0E+00,-18.844E-03
-162.700E-03,-20.101E-03,-8.794E-03
-160.800E-03,+0.0E+00,-18.844E-03
-158.900E-03,-8.794E-03,-10.050E-03
-157.000E-03,-20.101E-03,-18.844E-03
-155.100E-03,-20.101E-03,-8.794E-03
-153.200E-03,-20.101E-03,-18.844E-03
-151.300E-03,-40.201E-03,+0.0E+00
-149.400E-03,-20.101E-03,+0.0E+00
-147.500E-03,+0.0E+00,-10.050E-03
-145.600E-03,-20.101E-03,+20.101E-03
-143.700E-03,-20.101E-03,-8.794E-03
-141.800E-03,-59.045E-03,+18.844E-03
-139.900E-03,-40.201E-03,+8.794E-03
-138.000E-03,-20.101E-03,+0.0E+00
-136.100E-03,-10.050E-03,+20.101E-03
-134.200E-03,-20.101E-03,-18.844E-03
-132.300E-03,-30.151E-03,-20.101E-03
-130.400E-03,+0.0E+00,+18.844E-03
-128.500E-03,-10.050E-03,-8.794E-03
-126.600E-03,+0.0E+00,+0.0E+00
-124.700E-03,-10.050E-03,-10.050E-03
-122.800E-03,-20.101E-03,+0.0E+00
-120.900E-03,-10.050E-03,+0.0E+00
-119.000E-03,+0.0E+00,+0.0E+00
-117.100E-03,-20.101E-03,+8.794E-03
-115.200E-03,-20.101E-03,+18.844E-03
-113.300E-03,-8.794E-03,-10.050E-03
-111.400E-03,+0.0E+00,+0.0E+00
-109.500E-03,-10.050E-03,+10.050E-03
-107.600E-03,+0.0E+00,+0.0E+00
-105.700E-03,-20.101E-03,-20.101E-03
-103.800E-03,-20.101E-03,+0.0E+00
-101.900E-03,-8.794E-03,+10.050E-03
-100.000E-03,-20.101E-03,+0.0E+00
-98.100E-03,-8.794E-03,-8.794E-03
-96.200E-03,-20.101E-03,+0.0E+00
-94.300E-03,-20.101E-03,+0.0E+00
-92.400E-03,-18.844E-03,+0.0E+00
-90.500E-03,-10.050E-03,+0.0E+00
-88.600E-03,+0.0E+00,+0.0E+00
-86.700E-03,+0.0E+00,-10.050E-03
-84.800E-03,-20.101E-03,+0.0E+00
-82.900E-03,-20.101E-03,+10.050E-03
-81.000E-03,-18.844E-03,+18.844E-03
-79.100E-03,+0.0E+00,+0.0E+00
-77.200E-03,-18.844E-03,+0.0E+00
-75.300E-03,-10.050E-03,-20.101E-03
-73.400E-03,+0.0E+00,+18.844E-03
-71.500E-03,-20.101E-03,-20.101E-03
-69.600E-03,+0.0E+00,+0.0E+00
-67.700E-03,-10.050E-03,+0.0E+00
-65.800E-03,+0.0E+00,+0.0E+00
-63.900E-03,+0.0E+00,+0.0E+00
-62.000E-03,+0.0E+00,-18.844E-03
-60.100E-03,+0.0E+00,+20.101E-03
-58.200E-03,+0.0E+00,-18.844E-03
-56.300E-03,-20.101E-03,-30.151E-03
-54.400E-03,+0.0E+00,-20.101E-03
-52.500E-03,-8.794E-03,+0.0E+00
-50.600E-03,-18.844E-03,+0.0E+00
-48.700E-03,+0.0E+00,-10.050E-03
-46.800E-03,+0.0E+00,-20.101E-03
-44.900E-03,-8.794E-03,-8.794E-03
-43.000E-03,-20.101E-03,+0.0E+00
-41.100E-03,-8.794E-03,+0.0E+00
-39.200E-03,+0.0E+00,+0.0E+00
-37.300E-03,-20.101E-03,+0.0E+00
-35.400E-03,-18.844E-03,+0.0E+00
-33.500E-03,-20.101E-03,-8.794E-03
-31.600E-03,+0.0E+00,+0.0E+00
-29.700E-03,-20.101E-03,-20.101E-03
-27.800E-03,-18.844E-03,+0.0E+00
-25.900E-03,-10.050E-03,-20.101E-03
-24.000E-03,+0.0E+00,-18.844E-03
-22.100E-03,-30.151E-03,+0.0E+00
-20.200E-03,-38.945E-03,+0.0E+00
-18.300E-03,-28.894E-03,+10.050E-03
-16.400E-03,-20.101E-03,+20.101E-03
-14.500E-03,+0.0E+00,+0.0E+00
-12.600E-03,-18.844E-03,+18.844E-03
-10.700E-03,-20.101E-03,+0.0E+00
-8.800E-03,-20.101E-03,+18.844E-03
-6.900E-03,-10.050E-03,-10.050E-03
-5.000E-03,-38.945E-03,-20.101E-03
-3.100E-03,-8.794E-03,+8.794E-03
-1.200E-03,+0.0E+00,+18.844E-03
+700E-06,-8.794E-03,+0.0E+00
+2.600E-03,+0.0E+00,+18.844E-03
+4.500E-03,-8.794E-03,-8.794E-03
+6.400E-03,-18.844E-03,+0.0E+00
+8.300E-03,-20.101E-03,+0.0E+00
+10.200E-03,-38.945E-03,+0.0E+00
+12.100E-03,+0.0E+00,+8.794E-03
+14.000E-03,-18.844E-03,+0.0E+00
+15.900E-03,+8.794E-03,+0.0E+00
+17.800E-03,+20.101E-03,+0.0E+00
+19.700E-03,+40.201E-03,+10.050E-03
+21.600E-03,+20.101E-03,-18.844E-03
+23.500E-03,-8.794E-03,-20.101E-03
+25.400E-03,+0.0E+00,-18.844E-03
+27.300E-03,+0.0E+00,-10.050E-03
+29.200E-03,+0.0E+00,-20.101E-03
+31.100E-03,-20.101E-03,-8.794E-03
+33.000E-03,+0.0E+00,+0.0E+00
+34.900E-03,-20.101E-03,+10.050E-03
+36.800E-03,-20.101E-03,+0.0E+00
+38.700E-03,-10.050E-03,-10.050E-03
+40.600E-03,+0.0E+00,+0.0E+00
+42.500E-03,+0.0E+00,+0.0E+00
+44.400E-03,+0.0E+00,+0.0E+00
+46.300E-03,-20.101E-03,-10.050E-03
+48.200E-03,-20.101E-03,+0.0E+00
+50.100E-03,-10.050E-03,-10.050E-03
+52.000E-03,-20.101E-03,-18.844E-03
+53.900E-03,-20.101E-03,-20.101E-03
+55.800E-03,-20.101E-03,-20.101E-03
+57.700E-03,-60.302E-03,-10.050E-03
+59.600E-03,-60.302E-03,-20.101E-03
+61.500E-03,-40.201E-03,+10.050E-03
+63.400E-03,-20.101E-03,+0.0E+00
+65.300E-03,-20.101E-03,+0.0E+00
+67.200E-03,-20.101E-03,+0.0E+00
+69.100E-03,-10.050E-03,-8.794E-03
+71.000E-03,-20.101E-03,-20.101E-03
+72.900E-03,-20.101E-03,-10.050E-03
+74.800E-03,+0.0E+00,-20.101E-03
+76.700E-03,+0.0E+00,+20.101E-03
+78.600E-03,-20.101E-03,+0.0E+00
+80.500E-03,-20.101E-03,+8.794E-03
+82.400E-03,+0.0E+00,+0.0E+00
+84.300E-03,+0.0E+00,+0.0E+00
+86.200E-03,-20.101E-03,-18.844E-03
+88.100E-03,-8.794E-03,+0.0E+00
+90.000E-03,-18.844E-03,+0.0E+00
+91.900E-03,+0.0E+00,+0.0E+00
+93.800E-03,-38.945E-03,+0.0E+00
+95.700E-03,+0.0E+00,+10.050E-03
+97.600E-03,+0.0E+00,+40.201E-03
+99.500E-03,+40.201E-03,+0.0E+00
+101.400E-03,+38.945E-03,-18.844E-03
+103.300E-03,+10.050E-03,-20.101E-03
+105.200E-03,+0.0E+00,-20.101E-03
+107.100E-03,-10.050E-03,-20.101E-03
+109.000E-03,-18.844E-03,+0.0E+00
+110.900E-03,-10.050E-03,-10.050E-03
+112.800E-03,-38.945E-03,+0.0E+00
+114.700E-03,-20.101E-03,-20.101E-03
+116.600E-03,+0.0E+00,+0.0E+00
+118.500E-03,-20.101E-03,+0.0E+00
+120.400E-03,-20.101E-03,+0.0E+00
+122.300E-03,+0.0E+00,+0.0E+00
+124.200E-03,+0.0E+00,+18.844E-03
+126.100E-03,-8.794E-03,-8.794E-03
+128.000E-03,-20.101E-03,+0.0E+00
+129.900E-03,-28.894E-03,+0.0E+00
+131.800E-03,-20.101E-03,-18.844E-03
+133.700E-03,-8.794E-03,-20.101E-03
+135.600E-03,-38.945E-03,-20.101E-03
+137.500E-03,-60.302E-03,-30.151E-03
+139.400E-03,-60.302E-03,+0.0E+00
+141.300E-03,-60.302E-03,+28.894E-03
+143.200E-03,-20.101E-03,+20.101E-03
+145.100E-03,-20.101E-03,+0.0E+00
+147.000E-03,-40.201E-03,+0.0E+00
+148.900E-03,-28.894E-03,-8.794E-03
+150.800E-03,-20.101E-03,+20.101E-03
+152.700E-03,-8.794E-03,+0.0E+00
+154.600E-03,+0.0E+00,-18.844E-03
+156.500E-03,-18.844E-03,-10.050E-03
+158.400E-03,+0.0E+00,+0.0E+00
+160.300E-03,-30.151E-03,+0.0E+00
+162.200E-03,-18.844E-03,+0.0E+00
+164.100E-03,-10.050E-03,+10.050E-03
+166.000E-03,+0.0E+00,+0.0E+00
+167.900E-03,-10.050E-03,+0.0E+00
+169.800E-03,+0.0E+00,+0.0E+00
+171.700E-03,+0.0E+00,+0.0E+00
+173.600E-03,+0.0E+00,+0.0E+00
+175.500E-03,-10.050E-03,+8.794E-03
+177.400E-03,+0.0E+00,+20.101E-03
+179.300E-03,+48.995E-03,+8.794E-03
+181.200E-03,+40.201E-03,+0.0E+00
+183.100E-03,+8.794E-03,-28.894E-03
+185.000E-03,-20.101E-03,-20.101E-03
+186.900E-03,-20.101E-03,-8.794E-03
+188.800E-03,-20.101E-03,+18.844E-03
+190.700E-03,-20.101E-03,+0.0E+00
+192.600E-03,+0.0E+00,+0.0E+00
+194.500E-03,+0.0E+00,-20.101E-03
+196.400E-03,-20.101E-03,-20.101E-03
+198.300E-03,-20.101E-03,+0.0E+00
+200.200E-03,+0.0E+00,+0.0E+00
+202.100E-03,-8.794E-03,+0.0E+00
+204.000E-03,+18.844E-03,+0.0E+00
+205.900E-03,-30.151E-03,-8.794E-03
+207.800E-03,-20.101E-03,+0.0E+00
+209.700E-03,-30.151E-03,-20.101E-03
+211.600E-03,+0.0E+00,+0.0E+00
+213.500E-03,-20.101E-03,-8.794E-03
+215.400E-03,+0.0E+00,-38.945E-03
+217.300E-03,-50.251E-03,+0.0E+00
+219.200E-03,-80.402E-03,+0.0E+00
+221.100E-03,-59.045E-03,+28.894E-03
+223.000E-03,-38.945E-03,+38.945E-03
+224.900E-03,-20.101E-03,+0.0E+00
+226.800E-03,+0.0E+00,-20.101E-03
+228.700E-03,-20.101E-03,+0.0E+00
+230.600E-03,-20.101E-03,+18.844E-03
+232.500E-03,-28.894E-03,+0.0E+00
+234.400E-03,-18.844E-03,+0.0E+00
+236.300E-03,-30.151E-03,+10.050E-03
+238.200E-03,+0.0E+00,+0.0E+00
+240.100E-03,-20.101E-03,+8.794E-03
+242.000E-03,-18.844E-03,+18.844E-03
+243.900E-03,+0.0E+00,+0.0E+00
+245.800E-03,-20.101E-03,+18.844E-03
+247.700E-03,+0.0E+00,+0.0E+00
+249.600E-03,-20.101E-03,+0.0E+00
+251.500E-03,-20.101E-03,+0.0E+00
+253.400E-03,-20.101E-03,-18.844E-03
+255.300E-03,-10.050E-03,+0.0E+00
+257.200E-03,+20.101E-03,+20.101E-03
+259.100E-03,+50.251E-03,+10.050E-03
+261.000E-03,+38.945E-03,+0.0E+00
+262.900E-03,+20.101E-03,-20.101E-03
+264.800E-03,+0.0E+00,+0.0E+00
+266.700E-03,-20.101E-03,-10.050E-03
+268.600E-03,+18.844E-03,-20.101E-03
+270.500E-03,-10.050E-03,+0.0E+00
+272.400E-03,-18.844E-03,-20.101E-03
+274.300E-03,-20.101E-03,+10.050E-03
+276.200E-03,-18.844E-03,+0.0E+00
+278.100E-03,-20.101E-03,+8.794E-03
+280.000E-03,-20.101E-03,+0.0E+00
+281.900E-03,-10.050E-03,+10.050E-03
+283.800E-03,+0.0E+00,+0.0E+00
+285.700E-03,-8.794E-03,+0.0E+00
+287.600E-03,-18.844E-03,-18.844E-03
+289.500E-03,-10.050E-03,-10.050E-03
+291.400E-03,+0.0E+00,-20.101E-03
+293.300E-03,-28.894E-03,-10.050E-03
+295.200E-03,+18.844E-03,+0.0E+00
+297.100E-03,-30.151E-03,-8.794E-03
+299.000E-03,-60.302E-03,+20.101E-03
+300.900E-03,-60.302E-03,+28.894E-03
+302.800E-03,-40.201E-03,+0.0E+00
+304.700E-03,+0.0E+00,+0.0E+00
+306.600E-03,-20.101E-03,+0.0E+00
+308.500E-03,-20.101E-03,-10.050E-03
+310.400E-03,-38.945E-03,+0.0E+00
+312.300E-03,-10.050E-03,-8.794E-03
+314.200E-03,-20.101E-03,-18.844E-03
+316.100E-03,-20.101E-03,+0.0E+00
+318.000E-03,-18.844E-03,+20.101E-03
+319.900E-03,-20.101E-03,+8.794E-03
+321.800E-03,-38.945E-03,+0.0E+00
+323.700E-03,-10.050E-03,+0.0E+00
+325.600E-03,+0.0E+00,-18.844E-03
+327.500E-03,-20.101E-03,+0.0E+00
+329.400E-03,+0.0E+00,+0.0E+00
+331.300E-03,+0.0E+00,+0.0E+00
+333.200E-03,+0.0E+00,+0.0E+00
+335.100E-03,-20.101E-03,+10.050E-03
+337.000E-03,+0.0E+00,+18.844E-03
+338.900E-03,+8.794E-03,+8.794E-03
+340.800E-03,+38.945E-03,+0.0E+00
+342.700E-03,+0.0E+00,-30.151E-03
+344.600E-03,-18.844E-03,+0.0E+00
+346.500E-03,-20.101E-03,+0.0E+00
+348.400E-03,+0.0E+00,-18.844E-03
+350.300E-03,+0.0E+00,+0.0E+00
+352.200E-03,-20.101E-03,+0.0E+00
+354.100E-03,-10.050E-03,-8.794E-03
+356.000E-03,-20.101E-03,+0.0E+00
+357.900E-03,-8.794E-03,-20.101E-03
+359.800E-03,-20.101E-03,+20.101E-03
+361.700E-03,-8.794E-03,+0.0E+00
+363.600E-03,+0.0E+00,+0.0E+00
+365.500E-03,+0.0E+00,+0.0E+00
+367.400E-03,-18.844E-03,+0.0E+00
+369.300E-03,-20.101E-03,-8.794E-03
+371.200E-03,-18.844E-03,-20.101E-03
+373.100E-03,-30.151E-03,-30.151E-03
+375.000E-03,-18.844E-03,-20.101E-03
+376.900E-03,-40.201E-03,-18.844E-03
+378.800E-03,-79.146E-03,+0.0E+00
+380.700E-03,-60.302E-03,+8.794E-03
+382.600E-03,-20.101E-03,+0.0E+00
+384.500E-03,-8.794E-03,+0.0E+00
+386.400E-03,-20.101E-03,+0.0E+00
+388.300E-03,-20.101E-03,-8.794E-03
+390.200E-03,-20.101E-03,+0.0E+00
+392.100E-03,-8.794E-03,-8.794E-03
+394.000E-03,+0.0E+00,-18.844E-03
+395.900E-03,-20.101E-03,+0.0E+00
+397.800E-03,-20.101E-03,+0.0E+00
+399.700E-03,-8.794E-03,+0.0E+00
+401.600E-03,-18.844E-03,+0.0E+00
+403.500E-03,-10.050E-03,+0.0E+00
+405.400E-03,-18.844E-03,-20.101E-03
+407.300E-03,-8.794E-03,-10.050E-03
+409.200E-03,-18.844E-03,-18.844E-03
+411.100E-03,+0.0E+00,+0.0E+00
+413.000E-03,+0.0E+00,+0.0E+00
+414.900E-03,-20.101E-03,+0.0E+00
+416.800E-03,+0.0E+00,+0.0E+00
+418.700E-03,+18.844E-03,+10.050E-03
+420.600E-03,+20.101E-03,+0.0E+00
+422.500E-03,+0.0E+00,-18.844E-03
+424.400E-03,-20.101E-03,-18.844E-03
+426.300E-03,-20.101E-03,-8.794E-03
+428.200E-03,+0.0E+00,+0.0E+00
+430.100E-03,-8.794E-03,-20.101E-03
+432.000E-03,-18.844E-03,+0.0E+00
+433.900E-03,-18.844E-03,+0.0E+00
+435.800E-03,-20.101E-03,+18.844E-03
+437.700E-03,-30.151E-03,+8.794E-03
+439.600E-03,-20.101E-03,-18.844E-03
+441.500E-03,+0.0E+00,+0.0E+00
+443.400E-03,+0.0E+00,+0.0E+00
+445.300E-03,-20.101E-03,+0.0E+00
+447.200E-03,-20.101E-03,+0.0E+00
+449.100E-03,-8.794E-03,+0.0E+00
+451.000E-03,-20.101E-03,+0.0E+00
+452.900E-03,-10.050E-03,+0.0E+00
+454.800E-03,-18.844E-03,+0.0E+00
+456.700E-03,-30.151E-03,-20.101E-03
+458.600E-03,-60.302E-03,-18.844E-03
+460.500E-03,-40.201E-03,+10.050E-03
+462.400E-03,-20.101E-03,+20.101E-03
+464.300E-03,-10.050E-03,+0.0E+00
+466.200E-03,+0.0E+00,-18.844E-03
+468.100E-03,-10.050E-03,-8.794E-03
+470.000E-03,+0.0E+00,-18.844E-03
+471.900E-03,-20.101E-03,+0.0E+00
+473.800E-03,-18.844E-03,+0.0E+00
+475.700E-03,-20.101E-03,-8.794E-03
+477.600E-03,+0.0E+00,+0.0E+00
+479.500E-03,-10.050E-03,+0.0E+00
+481.400E-03,+0.0E+00,+0.0E+00
+483.300E-03,-10.050E-03,+0.0E+00
+485.200E-03,+0.0E+00,+0.0E+00
+487.100E-03,-10.050E-03,+0.0E+00
+489.000E-03,-38.945E-03,+0.0E+00
+490.900E-03,-20.101E-03,-8.794E-03
+492.800E-03,+0.0E+00,-18.844E-03
+494.700E-03,+0.0E+00,+0.0E+00
+496.600E-03,-18.844E-03,+20.101E-03
+498.500E-03,+0.0E+00,+0.0E+00
+500.400E-03,+20.101E-03,-18.844E-03
+502.300E-03,-10.050E-03,-8.794E-03
+504.200E-03,+0.0E+00,+0.0E+00
+506.100E-03,-20.101E-03,+0.0E+00
+508.000E-03,-20.101E-03,+0.0E+00
+509.900E-03,-20.101E-03,+0.0E+00
+511.800E-03,-20.101E-03,+0.0E+00
+513.700E-03,-18.844E-03,+0.0E+00
+515.600E-03,-18.844E-03,-20.101E-03
+517.500E-03,-30.151E-03,-20.101E-03
+519.400E-03,-18.844E-03,+0.0E+00
+521.300E-03,-20.101E-03,+8.794E-03
+523.200E-03,+0.0E+00,-20.101E-03
+525.100E-03,-8.794E-03,+0.0E+00
+527.000E-03,-20.101E-03,-20.101E-03
+528.900E-03,-10.050E-03,+0.0E+00
+530.800E-03,+0.0E+00,-18.844E-03
+532.700E-03,-8.794E-03,+0.0E+00
+534.600E-03,-20.101E-03,-18.844E-03
+536.500E-03,-10.050E-03,-20.101E-03
+538.400E-03,-20.101E-03,+0.0E+00
+540.300E-03,-40.201E-03,+8.794E-03
+542.200E-03,-20.101E-03,+0.0E+00
+544.100E-03,-10.050E-03,-10.050E-03
+546.000E-03,+0.0E+00,+18.844E-03
+547.900E-03,-8.794E-03,+0.0E+00
+549.800E-03,-18.844E-03,+0.0E+00
+551.700E-03,-8.794E-03,+0.0E+00
+553.600E-03,+0.0E+00,-20.101E-03
+555.500E-03,-30.151E-03,+0.0E+00
+557.400E-03,+0.0E+00,+0.0E+00
+559.300E-03,-20.101E-03,-10.050E-03
+561.200E-03,+0.0E+00,+18.844E-03
+563.100E-03,+0.0E+00,+8.794E-03
+565.000E-03,-20.101E-03,+0.0E+00
+566.900E-03,-8.794E-03,+0.0E+00
+568.800E-03,+0.0E+00,+0.0E+00
+570.700E-03,-20.101E-03,-10.050E-03
+572.600E-03,-20.101E-03,+0.0E+00
+574.500E-03,-20.101E-03,+0.0E+00
+576.400E-03,-20.101E-03,+38.945E-03
+578.300E-03,-20.101E-03,+0.0E+00
+580.200E-03,+0.0E+00,+0.0E+00
+582.100E-03,-20.101E-03,-8.794E-03
+584.000E-03,-20.101E-03,-18.844E-03
+585.900E-03,+0.0E+00,+0.0E+00
+587.800E-03,-20.101E-03,+0.0E+00
+589.700E-03,-8.794E-03,-10.050E-03
+591.600E-03,+18.844E-03,+0.0E+00
+593.500E-03,-8.794E-03,-10.050E-03
+595.400E-03,-20.101E-03,+0.0E+00
+597.300E-03,-20.101E-03,-8.794E-03
+599.200E-03,-20.101E-03,+0.0E+00
+601.100E-03,-8.794E-03,+0.0E+00
+603.000E-03,-20.101E-03,+0.0E+00
+604.900E-03,-8.794E-03,+0.0E+00
+606.800E-03,-18.844E-03,-18.844E-03
+608.700E-03,-20.101E-03,+0.0E+00
+610.600E-03,-20.101E-03,+0.0E+00
+612.500E-03,+0.0E+00,-10.050E-03
+614.400E-03,+0.0E+00,+0.0E+00
+616.300E-03,-28.894E-03,-10.050E-03
+618.200E-03,-20.101E-03,+0.0E+00
+620.100E-03,-20.101E-03,+10.050E-03
+622.000E-03,+0.0E+00,+0.0E+00
+623.900E-03,+0.0E+00,+0.0E+00
+625.800E-03,+0.0E+00,-18.844E-03
+627.700E-03,-10.050E-03,-8.794E-03
+629.600E-03,+0.0E+00,+0.0E+00
+631.500E-03,-10.050E-03,-20.101E-03
+633.400E-03,+0.0E+00,+0.0E+00
+635.300E-03,-10.050E-03,-10.050E-03
+637.200E-03,-20.101E-03,+18.844E-03
+639.100E-03,-20.101E-03,-8.794E-03
+641.000E-03,-18.844E-03,+18.844E-03
+642.900E-03,-20.101E-03,+10.050E-03
+644.800E-03,-20.101E-03,+0.0E+00
+646.700E-03,-8.794E-03,+0.0E+00
+648.600E-03,-20.101E-03,+0.0E+00
+650.500E-03,-20.101E-03,+0.0E+00
+652.400E-03,-20.101E-03,+0.0E+00
+654.300E-03,-8.794E-03,+8.794E-03
+656.200E-03,-38.945E-03,-20.101E-03
+658.100E-03,-28.894E-03,+8.794E-03
+660.000E-03,+0.0E+00,+0.0E+00
+661.900E-03,-30.151E-03,-10.050E-03
+663.800E-03,+0.0E+00,+0.0E+00
+665.700E-03,-30.151E-03,-20.101E-03
+667.600E-03,-20.101E-03,+0.0E+00
+669.500E-03,-30.151E-03,+10.050E-03
+671.400E-03,-18.844E-03,-18.844E-03
+673.300E-03,-20.101E-03,+8.794E-03
+675.200E-03,-18.844E-03,+0.0E+00
+677.100E-03,-30.151E-03,+0.0E+00
+679.000E-03,-20.101E-03,+0.0E+00
+680.900E-03,+0.0E+00,+10.050E-03
+682.800E-03,-20.101E-03,+18.844E-03
+684.700E-03,-10.050E-03,-20.101E-03
+686.600E-03,-20.101E-03,-20.101E-03
+688.500E-03,-20.101E-03,-8.794E-03
+690.400E-03,+0.0E+00,+0.0E+00
+692.300E-03,-10.050E-03,+0.0E+00
+694.200E-03,-20.101E-03,+0.0E+00
+696.100E-03,-20.101E-03,+0.0E+00
+698.000E-03,-18.844E-03,+18.844E-03
+699.900E-03,-10.050E-03,+20.101E-03
+701.800E-03,+0.0E+00,-18.844E-03
+703.700E-03,+0.0E+00,+0.0E+00
+705.600E-03,-18.844E-03,-20.101E-03
+707.500E-03,-20.101E-03,-8.794E-03
+709.400E-03,+18.844E-03,+0.0E+00
+711.300E-03,+0.0E+00,+0.0E+00
+713.200E-03,+0.0E+00,+0.0E+00
+715.100E-03,-28.894E-03,-8.794E-03
+717.000E-03,-38.945E-03,-18.844E-03
+718.900E-03,+8.794E-03,-10.050E-03
+720.800E-03,-20.101E-03,+0.0E+00
+722.700E-03,-20.101E-03,+0.0E+00
+724.600E-03,+0.0E+00,+0.0E+00
+726.500E-03,-20.101E-03,-10.050E-03
+728.400E-03,+0.0E+00,+0.0E+00
+730.300E-03,-30.151E-03,+0.0E+00
+732.200E-03,+0.0E+00,-20.101E-03
+734.100E-03,-18.844E-03,-20.101E-03
+736.000E-03,-20.101E-03,+0.0E+00
+737.900E-03,-8.794E-03,-10.050E-03
+739.800E-03,-38.945E-03,-18.844E-03
+741.700E-03,-30.151E-03,-20.101E-03
+743.600E-03,-20.101E-03,+18.844E-03
+745.500E-03,-8.794E-03,-20.101E-03
+747.400E-03,-20.101E-03,+0.0E+00
+749.300E-03,-10.050E-03,+0.0E+00
+751.200E-03,+0.0E+00,-18.844E-03
+753.100E-03,-10.050E-03,-8.794E-03
+755.000E-03,-38.945E-03,+0.0E+00
+756.900E-03,+0.0E+00,+0.0E+00
+758.800E-03,-20.101E-03,-18.844E-03
+760.700E-03,-20.101E-03,+0.0E+00
+762.600E-03,-20.101E-03,+0.0E+00
+764.500E-03,-20.101E-03,-10.050E-03
+766.400E-03,-20.101E-03,+0.0E+00
+768.300E-03,-30.151E-03,-18.844E-03
+770.200E-03,-20.101E-03,-18.844E-03
+772.100E-03,-8.794E-03,-8.794E-03
+774.000E-03,-18.844E-03,+0.0E+00
+775.900E-03,-10.050E-03,+0.0E+00
+777.800E-03,+0.0E+00,-20.101E-03
+779.700E-03,-10.050E-03,-10.050E-03
+781.600E-03,+0.0E+00,-18.844E-03
+783.500E-03,+8.794E-03,-8.794E-03
+785.400E-03,-20.101E-03,-20.101E-03
+787.300E-03,-8.794E-03,+0.0E+00
+789.200E-03,-18.844E-03,-18.844E-03
+791.100E-03,-28.894E-03,+8.794E-03
+793.000E-03,-20.101E-03,+0.0E+00
+794.900E-03,-10.050E-03,-10.050E-03
+796.800E-03,-20.101E-03,+0.0E+00
+798.700E-03,-20.101E-03,-8.794E-03
+800.600E-03,+0.0E+00,-18.844E-03
+802.500E-03,-8.794E-03,-20.101E-03
+804.400E-03,-18.844E-03,+0.0E+00
+806.300E-03,-20.101E-03,+0.0E+00
+808.200E-03,+0.0E+00,+0.0E+00
+810.100E-03,-20.101E-03,-10.050E-03
+812.000E-03,+0.0E+00,+0.0E+00
+813.900E-03,-28.894E-03,-20.101E-03
+815.800E-03,+0.0E+00,+0.0E+00
+817.700E-03,+0.0E+00,+0.0E+00
+819.600E-03,-20.101E-03,+0.0E+00
+821.500E-03,-20.101E-03,+0.0E+00
+823.400E-03,+0.0E+00,-18.844E-03
+825.300E-03,+0.0E+00,+0.0E+00
+827.200E-03,+0.0E+00,+0.0E+00
+829.100E-03,-20.101E-03,-20.101E-03
+831.000E-03,-18.844E-03,-20.101E-03
+832.900E-03,+0.0E+00,+0.0E+00
+834.800E-03,-18.844E-03,+0.0E+00
+836.700E-03,-30.151E-03,+0.0E+00
+838.600E-03,+0.0E+00,-20.101E-03
+840.500E-03,-20.101E-03,+10.050E-03
+842.400E-03,-20.101E-03,+0.0E+00
+844.300E-03,-8.794E-03,-8.794E-03
+846.200E-03,-18.844E-03,+0.0E+00
+848.100E-03,-20.101E-03,+0.0E+00
+850.000E-03,-18.844E-03,+0.0E+00
+851.900E-03,-20.101E-03,-20.101E-03
+853.800E-03,-20.101E-03,+0.0E+00
+855.700E-03,-20.101E-03,-10.050E-03
+857.600E-03,+0.0E+00,+0.0E+00
+859.500E-03,-10.050E-03,-10.050E-03
+861.400E-03,-38.945E-03,+0.0E+00
+863.300E-03,+0.0E+00,+0.0E+00
+865.200E-03,+0.0E+00,-20.101E-03
+867.100E-03,-18.844E-03,+0.0E+00
+869.000E-03,+0.0E+00,+18.844E-03
+870.900E-03,-8.794E-03,+0.0E+00
+872.800E-03,-20.101E-03,+0.0E+00
+874.700E-03,-20.101E-03,-10.050E-03
+876.600E-03,+0.0E+00,+0.0E+00
+878.500E-03,-10.050E-03,-20.101E-03
+880.400E-03,+0.0E+00,-38.945E-03
+882.300E-03,-20.101E-03,-20.101E-03
+884.200E-03,-20.101E-03,-18.844E-03
+886.100E-03,+0.0E+00,-20.101E-03
+888.000E-03,-20.101E-03,-18.844E-03
+889.900E-03,-18.844E-03,-8.794E-03
+891.800E-03,-20.101E-03,-20.101E-03
+893.700E-03,-20.101E-03,-10.050E-03
+895.600E-03,-20.101E-03,+0.0E+00
+897.500E-03,-10.050E-03,-20.101E-03
+899.400E-03,-18.844E-03,+0.0E+00
+901.300E-03,-10.050E-03,+0.0E+00
+903.200E-03,+0.0E+00,-18.844E-03
+905.100E-03,-8.794E-03,-8.794E-03
+907.000E-03,-18.844E-03,+0.0E+00
+908.900E-03,-20.101E-03,-20.101E-03
+910.800E-03,-20.101E-03,+0.0E+00
+912.700E-03,-10.050E-03,+10.050E-03
+914.600E-03,-18.844E-03,-38.945E-03
+916.500E-03,-18.844E-03,-10.050E-03
+918.400E-03,+0.0E+00,+0.0E+00
+920.300E-03,-20.101E-03,-8.794E-03
+922.200E-03,-20.101E-03,+0.0E+00
+924.100E-03,-20.101E-03,-8.794E-03
+926.000E-03,+0.0E+00,+0.0E+00
+927.900E-03,-10.050E-03,+0.0E+00
+929.800E-03,+0.0E+00,+0.0E+00
+931.700E-03,-20.101E-03,-10.050E-03
+933.600E-03,+0.0E+00,+0.0E+00
+935.500E-03,-10.050E-03,+0.0E+00
+937.400E-03,+0.0E+00,-20.101E-03
+939.300E-03,+0.0E+00,-10.050E-03
+941.200E-03,-38.945E-03,+0.0E+00
+943.100E-03,-20.101E-03,-10.050E-03
+945.000E-03,+0.0E+00,+0.0E+00
+946.900E-03,-20.101E-03,-8.794E-03
+948.800E-03,+0.0E+00,+0.0E+00
+950.700E-03,-10.050E-03,-8.794E-03
+952.600E-03,+0.0E+00,-18.844E-03
+954.500E-03,-8.794E-03,-10.050E-03
+956.400E-03,-38.945E-03,-38.945E-03
+958.300E-03,+0.0E+00,+10.050E-03
+960.200E-03,+0.0E+00,-18.844E-03
+962.100E-03,-20.101E-03,-8.794E-03
+964.000E-03,-20.101E-03,-18.844E-03
+965.900E-03,-20.101E-03,-8.794E-03
+967.800E-03,-20.101E-03,+0.0E+00
+969.700E-03,-8.794E-03,+0.0E+00
+971.600E-03,-20.101E-03,+0.0E+00
+973.500E-03,-8.794E-03,+0.0E+00
+975.400E-03,+0.0E+00,-20.101E-03
+977.300E-03,-20.101E-03,-10.050E-03
+979.200E-03,-20.101E-03,+0.0E+00
+981.100E-03,+0.0E+00,-8.794E-03
+983.000E-03,+0.0E+00,-20.101E-03
+984.900E-03,-8.794E-03,-20.101E-03
+986.800E-03,+0.0E+00,-18.844E-03
+988.700E-03,-20.101E-03,+0.0E+00
+990.600E-03,-18.844E-03,+0.0E+00
+992.500E-03,-8.794E-03,+0.0E+00
+994.400E-03,-18.844E-03,-20.101E-03
+996.300E-03,-20.101E-03,+8.794E-03
+998.200E-03,+18.844E-03,-18.844E-03
+1.000100E+00,+0.0E+00,-10.050E-03
+1.002000E+00,-20.101E-03,-20.101E-03
+1.003900E+00,+0.0E+00,+0.0E+00
+1.005800E+00,+0.0E+00,+0.0E+00
+1.007700E+00,-20.101E-03,-10.050E-03
+1.009600E+00,-18.844E-03,-20.101E-03
+1.011500E+00,-20.101E-03,+0.0E+00
+1.013400E+00,+0.0E+00,-18.844E-03
+1.015300E+00,-8.794E-03,-8.794E-03
+1.017200E+00,+0.0E+00,+0.0E+00
+1.019100E+00,-20.101E-03,-10.050E-03
+1.021000E+00,+0.0E+00,+0.0E+00
+1.022900E+00,-8.794E-03,+0.0E+00
+1.024800E+00,+0.0E+00,+0.0E+00
+1.026700E+00,-10.050E-03,-10.050E-03
+1.028600E+00,-20.101E-03,-18.844E-03
+1.030500E+00,-8.794E-03,-8.794E-03
+1.032400E+00,+0.0E+00,-20.101E-03
+1.034300E+00,-8.794E-03,-20.101E-03
+1.036200E+00,-20.101E-03,-18.844E-03
+1.038100E+00,-10.050E-03,+0.0E+00
+1.040000E+00,+0.0E+00,+0.0E+00
+1.041900E+00,-20.101E-03,-10.050E-03
+1.043800E+00,-20.101E-03,+0.0E+00
+1.045700E+00,-10.050E-03,+0.0E+00
+1.047600E+00,+0.0E+00,+0.0E+00
+1.049500E+00,-28.894E-03,+0.0E+00
+1.051400E+00,-20.101E-03,+0.0E+00
+1.053300E+00,-10.050E-03,-10.050E-03
+1.055200E+00,+0.0E+00,+0.0E+00
+1.057100E+00,-8.794E-03,-20.101E-03
+1.059000E+00,-20.101E-03,-20.101E-03
+1.060900E+00,-20.101E-03,-8.794E-03
+1.062800E+00,-20.101E-03,-18.844E-03
+1.064700E+00,-10.050E-03,+0.0E+00
+1.066600E+00,+0.0E+00,+0.0E+00
+1.068500E+00,-20.101E-03,+0.0E+00
+1.070400E+00,-18.844E-03,+0.0E+00
+1.072300E+00,-8.794E-03,-20.101E-03
+1.074200E+00,-20.101E-03,+18.844E-03
+1.076100E+00,-20.101E-03,-8.794E-03
+1.078000E+00,-18.844E-03,+0.0E+00
+1.079900E+00,-10.050E-03,-10.050E-03
+1.081800E+00,-20.101E-03,-18.844E-03
+1.083700E+00,-20.101E-03,+0.0E+00
+1.085600E+00,+0.0E+00,+18.844E-03
+1.087500E+00,-8.794E-03,-10.050E-03
+1.089400E+00,-18.844E-03,-18.844E-03
+1.091300E+00,-8.794E-03,+0.0E+00
+1.093200E+00,-20.101E-03,+0.0E+00
+1.095100E+00,+0.0E+00,+0.0E+00
+1.097000E+00,-20.101E-03,-18.844E-03
+1.098900E+00,-30.151E-03,-20.101E-03
+1.100800E+00,-20.101E-03,+0.0E+00
+1.102700E+00,-8.794E-03,-20.101E-03
+1.104600E+00,+0.0E+00,+0.0E+00
+1.106500E+00,-8.794E-03,-10.050E-03
+1.108400E+00,+0.0E+00,+0.0E+00
+1.110300E+00,-20.101E-03,+0.0E+00
+1.112200E+00,-18.844E-03,+0.0E+00
+1.114100E+00,-20.101E-03,-8.794E-03
+1.116000E+00,-20.101E-03,-18.844E-03
+1.117900E+00,-30.151E-03,-10.050E-03
+1.119800E+00,+0.0E+00,-18.844E-03
+1.121700E+00,-20.101E-03,+10.050E-03
+1.123600E+00,-18.844E-03,-18.844E-03
+1.125500E+00,+0.0E+00,+0.0E+00
+1.127400E+00,-20.101E-03,+0.0E+00
+1.129300E+00,-20.101E-03,-20.101E-03
+1.131200E+00,-20.101E-03,+18.844E-03
+1.133100E+00,+0.0E+00,-20.101E-03
+1.135000E+00,-20.101E-03,+0.0E+00
+1.136900E+00,-8.794E-03,+0.0E+00
+1.138800E+00,-20.101E-03,+0.0E+00
+1.140700E+00,-20.101E-03,-10.050E-03
+1.142600E+00,+0.0E+00,-18.844E-03
+1.144500E+00,-8.794E-03,-10.050E-03
+1.146400E+00,-38.945E-03,-18.844E-03
+1.148300E+00,+0.0E+00,-10.050E-03
+1.150200E+00,+0.0E+00,+0.0E+00
+1.152100E+00,+0.0E+00,-20.101E-03
+1.154000E+00,+0.0E+00,+0.0E+00
+1.155900E+00,-10.050E-03,-8.794E-03
+1.157800E+00,-20.101E-03,-18.844E-03
+1.159700E+00,-8.794E-03,-8.794E-03
+1.161600E+00,+0.0E+00,-20.101E-03
+1.163500E+00,-28.894E-03,-10.050E-03
+1.165400E+00,-20.101E-03,-20.101E-03
+1.167300E+00,-10.050E-03,+0.0E+00
+1.169200E+00,-20.101E-03,+0.0E+00
+1.171100E+00,-20.101E-03,-10.050E-03
+1.173000E+00,-20.101E-03,+18.844E-03
+1.174900E+00,+0.0E+00,+0.0E+00
+1.176800E+00,-20.101E-03,+0.0E+00
+1.178700E+00,-20.101E-03,+0.0E+00
+1.180600E+00,+0.0E+00,+0.0E+00
+1.182500E+00,-20.101E-03,+0.0E+00
+1.184400E+00,-20.101E-03,+0.0E+00
+1.186300E+00,-10.050E-03,-30.151E-03
+1.188200E+00,+0.0E+00,+0.0E+00
+1.190100E+00,-20.101E-03,-10.050E-03
+1.192000E+00,-20.101E-03,-18.844E-03
+1.193900E+00,-8.794E-03,-10.050E-03
+1.195800E+00,-18.844E-03,+0.0E+00
+1.197700E+00,-20.101E-03,+0.0E+00
+1.199600E+00,-20.101E-03,+0.0E+00
+1.201500E+00,-20.101E-03,-20.101E-03
+1.203400E+00,-38.945E-03,-18.844E-03
+1.205300E+00,-20.101E-03,-8.794E-03
+1.207200E+00,+0.0E+00,-18.844E-03
+1.209100E+00,-20.101E-03,-20.101E-03
+1.211000E+00,+0.0E+00,-18.844E-03
+1.212900E+00,-8.794E-03,+0.0E+00
+1.214800E+00,-20.101E-03,+0.0E+00
+1.216700E+00,-20.101E-03,+0.0E+00
+1.218600E+00,-20.101E-03,-18.844E-03
+1.220500E+00,+0.0E+00,-20.101E-03
+1.222400E+00,-20.101E-03,+0.0E+00
+1.224300E+00,-10.050E-03,-20.101E-03
+1.226200E+00,-20.101E-03,+0.0E+00
+1.228100E+00,-8.794E-03,-20.101E-03
+1.230000E+00,+0.0E+00,-18.844E-03
+1.231900E+00,+0.0E+00,-10.050E-03
+1.233800E+00,-20.101E-03,+0.0E+00
+1.235700E+00,-20.101E-03,+0.0E+00
+1.237600E+00,-20.101E-03,-20.101E-03
+1.239500E+00,-10.050E-03,-8.794E-03
+1.241400E+00,+0.0E+00,+0.0E+00
+1.243300E+00,-8.794E-03,-10.050E-03
+1.245200E+00,-20.101E-03,-20.101E-03
+1.247100E+00,-20.101E-03,-10.050E-03
+1.249000E+00,-18.844E-03,+0.0E+00
+1.250900E+00,-28.894E-03,-20.101E-03
+1.252800E+00,+0.0E+00,+0.0E+00
+1.254700E+00,-8.794E-03,-8.794E-03
+1.256600E+00,-20.101E-03,-18.844E-03
+1.258500E+00,-18.844E-03,-20.101E-03
+1.260400E+00,-38.945E-03,+0.0E+00
+1.262300E+00,+0.0E+00,+0.0E+00
+1.264200E+00,+0.0E+00,-18.844E-03
+1.266100E+00,-8.794E-03,-20.101E-03
+1.268000E+00,-18.844E-03,+18.844E-03
+1.269900E+00,-30.151E-03,-8.794E-03
+1.271800E+00,+0.0E+00,-18.844E-03
+1.273700E+00,+0.0E+00,+0.0E+00
+1.275600E+00,+0.0E+00,+0.0E+00
+1.277500E+00,-20.101E-03,+0.0E+00
+1.279400E+00,-20.101E-03,+0.0E+00
+1.281300E+00,-20.101E-03,-8.794E-03
+1.283200E+00,+0.0E+00,+0.0E+00
+1.285100E+00,-20.101E-03,-8.794E-03
+1.287000E+00,-38.945E-03,+18.844E-03
+1.288900E+00,-20.101E-03,-10.050E-03
+1.290800E+00,-20.101E-03,+0.0E+00
+1.292700E+00,-20.101E-03,+0.0E+00
+1.294600E+00,+0.0E+00,+0.0E+00
+1.296500E+00,-10.050E-03,-10.050E-03
+1.298400E+00,+0.0E+00,+18.844E-03
+1.300300E+00,-18.844E-03,+0.0E+00
+1.302200E+00,-20.101E-03,+0.0E+00
+1.304100E+00,-20.101E-03,-10.050E-03
+1.306000E+00,+0.0E+00,-18.844E-03
+1.307900E+00,-30.151E-03,+0.0E+00
+1.309800E+00,-20.101E-03,+0.0E+00
+1.311700E+00,-20.101E-03,-10.050E-03
+1.313600E+00,+0.0E+00,+0.0E+00
+1.315500E+00,-20.101E-03,-10.050E-03
+1.317400E+00,+0.0E+00,+0.0E+00
+1.319300E+00,-20.101E-03,-8.794E-03
+1.321200E+00,+0.0E+00,-18.844E-03
+1.323100E+00,-10.050E-03,+8.794E-03
+1.325000E+00,-20.101E-03,+18.844E-03
+1.326900E+00,-20.101E-03,-8.794E-03
+1.328800E+00,-38.945E-03,+0.0E+00
+1.330700E+00,+0.0E+00,+0.0E+00
+1.332600E+00,-20.101E-03,+0.0E+00
+1.334500E+00,-10.050E-03,-10.050E-03
+1.336400E+00,+0.0E+00,+0.0E+00
+1.338300E+00,-30.151E-03,-10.050E-03
+1.340200E+00,-20.101E-03,+0.0E+00
+1.342100E+00,-28.894E-03,-10.050E-03
+1.344000E+00,+0.0E+00,+0.0E+00
+1.345900E+00,-28.894E-03,-8.794E-03
+1.347800E+00,+0.0E+00,+0.0E+00
+1.349700E+00,-8.794E-03,-20.101E-03
+1.351600E+00,-18.844E-03,+0.0E+00
+1.353500E+00,-8.794E-03,+0.0E+00
+1.355400E+00,-20.101E-03,+18.844E-03
+1.357300E+00,-8.794E-03,-10.050E-03
+1.359200E+00,-20.101E-03,+0.0E+00
+1.361100E+00,-8.794E-03,+0.0E+00
+1.363000E+00,-38.945E-03,-20.101E-03
+1.364900E+00,-8.794E-03,+0.0E+00
+1.366800E+00,+0.0E+00,+0.0E+00
+1.368700E+00,-20.101E-03,+0.0E+00
+1.370600E+00,-18.844E-03,+0.0E+00
+1.372500E+00,-20.101E-03,-20.101E-03
+1.374400E+00,+0.0E+00,-20.101E-03
+1.376300E+00,-20.101E-03,-10.050E-03
+1.378200E+00,-20.101E-03,-18.844E-03
+1.380100E+00,-10.050E-03,+0.0E+00
+1.382000E+00,-18.844E-03,+0.0E+00
+1.383900E+00,-10.050E-03,+0.0E+00
+1.385800E+00,-20.101E-03,+0.0E+00
+1.387700E+00,-10.050E-03,+0.0E+00
+1.389600E+00,-20.101E-03,+0.0E+00
+1.391500E+00,-20.101E-03,+0.0E+00
+1.393400E+00,-20.101E-03,-18.844E-03
+1.395300E+00,-8.794E-03,-8.794E-03
+1.397200E+00,-20.101E-03,-20.101E-03
+1.399100E+00,-20.101E-03,+0.0E+00
+1.401000E+00,-18.844E-03,+0.0E+00
+1.402900E+00,-10.050E-03,+0.0E+00
+1.404800E+00,-18.844E-03,+18.844E-03
+1.406700E+00,+0.0E+00,-8.794E-03
+1.408600E+00,-18.844E-03,+0.0E+00
+1.410500E+00,+0.0E+00,+0.0E+00
+1.412400E+00,+0.0E+00,+0.0E+00
+1.414300E+00,-20.101E-03,+0.0E+00
+1.416200E+00,+0.0E+00,-20.101E-03
+1.418100E+00,-20.101E-03,-10.050E-03
+1.420000E+00,-18.844E-03,-20.101E-03
+1.421900E+00,-20.101E-03,-20.101E-03
+1.423800E+00,-20.101E-03,+0.0E+00
+1.425700E+00,-20.101E-03,-10.050E-03
+1.427600E+00,-20.101E-03,+0.0E+00
+1.429500E+00,-8.794E-03,+0.0E+00
+1.431400E+00,-38.945E-03,-18.844E-03
+1.433300E+00,-8.794E-03,-8.794E-03
+1.435200E+00,-20.101E-03,-20.101E-03
+1.437100E+00,-10.050E-03,+0.0E+00
+1.439000E+00,+0.0E+00,+0.0E+00
+1.440900E+00,-20.101E-03,+0.0E+00
+1.442800E+00,+0.0E+00,-20.101E-03
+1.444700E+00,-20.101E-03,-20.101E-03
+1.446600E+00,-18.844E-03,+0.0E+00
+1.448500E+00,-10.050E-03,+0.0E+00
+1.450400E+00,-38.945E-03,+0.0E+00
+1.452300E+00,-10.050E-03,+0.0E+00
+1.454200E+00,+0.0E+00,+0.0E+00
+1.456100E+00,-20.101E-03,+0.0E+00
+1.458000E+00,-20.101E-03,+0.0E+00
+1.459900E+00,+0.0E+00,-10.050E-03
+1.461800E+00,-38.945E-03,-18.844E-03
+1.463700E+00,-20.101E-03,-8.794E-03
+1.465600E+00,-20.101E-03,+0.0E+00
+1.467500E+00,-8.794E-03,-8.794E-03
+1.469400E+00,-18.844E-03,+0.0E+00
+1.471300E+00,-10.050E-03,+0.0E+00
+1.473200E+00,-20.101E-03,-20.101E-03
+1.475100E+00,-20.101E-03,-10.050E-03
+1.477000E+00,-20.101E-03,-20.101E-03
+1.478900E+00,-8.794E-03,-20.101E-03
+1.480800E+00,-20.101E-03,-20.101E-03
+1.482700E+00,-20.101E-03,-8.794E-03
+1.484600E+00,-18.844E-03,-20.101E-03
+1.486500E+00,-40.201E-03,+0.0E+00
+1.488400E+00,-18.844E-03,+0.0E+00
+1.490300E+00,-8.794E-03,+0.0E+00
+1.492200E+00,+0.0E+00,+0.0E+00
+1.494100E+00,-10.050E-03,+0.0E+00
+1.496000E+00,-20.101E-03,-18.844E-03
+1.497900E+00,-28.894E-03,+0.0E+00
+1.499800E+00,+0.0E+00,-20.101E-03
+1.501700E+00,-8.794E-03,-8.794E-03
+1.503600E+00,-38.945E-03,+0.0E+00
+1.505500E+00,-10.050E-03,+0.0E+00
+1.507400E+00,-20.101E-03,+0.0E+00
+1.509300E+00,-20.101E-03,-20.101E-03
+1.511200E+00,-20.101E-03,-18.844E-03
+1.513100E+00,-20.101E-03,+0.0E+00
+1.515000E+00,+0.0E+00,-18.844E-03
+1.516900E+00,-20.101E-03,-20.101E-03
+1.518800E+00,-18.844E-03,-20.101E-03
+1.520700E+00,-8.794E-03,+0.0E+00
+1.522600E+00,+0.0E+00,-20.101E-03
+1.524500E+00,+0.0E+00,+0.0E+00
+1.526400E+00,+0.0E+00,+0.0E+00
+1.528300E+00,-10.050E-03,-20.101E-03
+1.530200E+00,+0.0E+00,-18.844E-03
+1.532100E+00,-10.050E-03,-8.794E-03
+1.534000E+00,+0.0E+00,+0.0E+00
+1.535900E+00,-10.050E-03,-20.101E-03
+1.537800E+00,-20.101E-03,-20.101E-03
+1.539700E+00,-20.101E-03,-10.050E-03
+1.541600E+00,-20.101E-03,+0.0E+00
+1.543500E+00,+8.794E-03,+0.0E+00
+1.545400E+00,+0.0E+00,+0.0E+00
+1.547300E+00,-20.101E-03,+0.0E+00
+1.549200E+00,+0.0E+00,+0.0E+00
+1.551100E+00,-20.101E-03,-8.794E-03
+1.553000E+00,+0.0E+00,+0.0E+00
+1.554900E+00,-30.151E-03,-10.050E-03
+1.556800E+00,-18.844E-03,-20.101E-03
+1.558700E+00,-20.101E-03,-20.101E-03
+1.560600E+00,+0.0E+00,+0.0E+00
+1.562500E+00,+0.0E+00,+0.0E+00
+1.564400E+00,-20.101E-03,+0.0E+00
+1.566300E+00,-10.050E-03,+0.0E+00
+1.568200E+00,-20.101E-03,-20.101E-03
+1.570100E+00,-10.050E-03,-18.844E-03
+1.572000E+00,-20.101E-03,+0.0E+00
+1.573900E+00,-20.101E-03,-8.794E-03
+1.575800E+00,+0.0E+00,-20.101E-03
+1.577700E+00,-10.050E-03,-8.794E-03
+1.579600E+00,+0.0E+00,+0.0E+00
+1.581500E+00,+0.0E+00,+10.050E-03
+1.583400E+00,+0.0E+00,+0.0E+00
+1.585300E+00,+0.0E+00,-8.794E-03
+1.587200E+00,+0.0E+00,-20.101E-03
+1.589100E+00,-10.050E-03,+0.0E+00
+1.591000E+00,-18.844E-03,-18.844E-03
+1.592900E+00,-10.050E-03,+0.0E+00
+1.594800E+00,-20.101E-03,-18.844E-03
+1.596700E+00,-20.101E-03,-10.050E-03
+1.598600E+00,-20.101E-03,+0.0E+00
+1.600500E+00,-20.101E-03,-10.050E-03
+1.602400E+00,-18.844E-03,+0.0E+00
+1.604300E+00,-8.794E-03,-8.794E-03
+1.606200E+00,-20.101E-03,+18.844E-03
+1.608100E+00,-20.101E-03,-10.050E-03
+1.610000E+00,+0.0E+00,+0.0E+00
+1.611900E+00,-20.101E-03,+0.0E+00
+1.613800E+00,+0.0E+00,+0.0E+00
+1.615700E+00,+0.0E+00,-10.050E-03
+1.617600E+00,-18.844E-03,+0.0E+00
+1.619500E+00,+0.0E+00,-8.794E-03
+1.621400E+00,-20.101E-03,-20.101E-03
+1.623300E+00,+0.0E+00,-10.050E-03
+1.625200E+00,+0.0E+00,+0.0E+00
+1.627100E+00,-10.050E-03,-10.050E-03
+1.629000E+00,-20.101E-03,-18.844E-03
+1.630900E+00,-20.101E-03,-10.050E-03
+1.632800E+00,+0.0E+00,+0.0E+00
+1.634700E+00,+0.0E+00,-20.101E-03
+1.636600E+00,+0.0E+00,+0.0E+00
+1.638500E+00,-20.101E-03,-10.050E-03
+1.640400E+00,-20.101E-03,+0.0E+00
+1.642300E+00,-20.101E-03,-8.794E-03
+1.644200E+00,-18.844E-03,+0.0E+00
+1.646100E+00,-8.794E-03,-8.794E-03
+1.648000E+00,+0.0E+00,+0.0E+00
+1.649900E+00,-8.794E-03,-10.050E-03
+1.651800E+00,-20.101E-03,+0.0E+00
+1.653700E+00,-18.844E-03,-8.794E-03
+1.655600E+00,-38.945E-03,-20.101E-03
+1.657500E+00,-20.101E-03,+8.794E-03
+1.659400E+00,-20.101E-03,+0.0E+00
+1.661300E+00,-20.101E-03,-20.101E-03
+1.663200E+00,-20.101E-03,+0.0E+00
+1.665100E+00,-20.101E-03,-8.794E-03
+1.667000E+00,-20.101E-03,-18.844E-03
+1.668900E+00,-20.101E-03,-8.794E-03
+1.670800E+00,-20.101E-03,+0.0E+00
+1.672700E+00,-8.794E-03,-10.050E-03
+1.674600E+00,-20.101E-03,+0.0E+00
+1.676500E+00,-20.101E-03,+0.0E+00
+1.678400E+00,-18.844E-03,+0.0E+00
+1.680300E+00,-20.101E-03,-10.050E-03
+1.682200E+00,-20.101E-03,+0.0E+00
+1.684100E+00,-8.794E-03,-8.794E-03
+1.686000E+00,-20.101E-03,-18.844E-03
+1.687900E+00,-28.894E-03,+0.0E+00
+1.689800E+00,-20.101E-03,-18.844E-03
+1.691700E+00,-30.151E-03,+0.0E+00
+1.693600E+00,-20.101E-03,+0.0E+00
+1.695500E+00,-20.101E-03,+0.0E+00
+1.697400E+00,+0.0E+00,+0.0E+00
+1.699300E+00,-20.101E-03,-10.050E-03
+1.701200E+00,-20.101E-03,+0.0E+00
+1.703100E+00,-8.794E-03,-28.894E-03
+1.705000E+00,-20.101E-03,+0.0E+00
+1.706900E+00,-20.101E-03,+0.0E+00
+1.708800E+00,-18.844E-03,-20.101E-03
+1.710700E+00,-10.050E-03,-10.050E-03
+1.712600E+00,-18.844E-03,-18.844E-03
+1.714500E+00,-30.151E-03,+0.0E+00
+1.716400E+00,-20.101E-03,-18.844E-03
+1.718300E+00,-20.101E-03,-8.794E-03
+1.720200E+00,-18.844E-03,+0.0E+00
+1.722100E+00,-20.101E-03,-10.050E-03
+1.724000E+00,-18.844E-03,-20.101E-03
+1.725900E+00,-10.050E-03,+0.0E+00
+1.727800E+00,-20.101E-03,-18.844E-03
+1.729700E+00,-20.101E-03,-8.794E-03
+1.731600E+00,-20.101E-03,+0.0E+00
+1.733500E+00,-8.794E-03,-8.794E-03
+1.735400E+00,+0.0E+00,-18.844E-03
+1.737300E+00,-8.794E-03,-10.050E-03
+1.739200E+00,+0.0E+00,-20.101E-03
+1.741100E+00,-8.794E-03,+0.0E+00
+1.743000E+00,-18.844E-03,+0.0E+00
+1.744900E+00,-10.050E-03,-8.794E-03
+1.746800E+00,+0.0E+00,+0.0E+00
+1.748700E+00,+0.0E+00,+0.0E+00
+1.750600E+00,+0.0E+00,+0.0E+00
+1.752500E+00,-20.101E-03,+8.794E-03
+1.754400E+00,+0.0E+00,+0.0E+00
+1.756300E+00,-20.101E-03,-8.794E-03
+1.758200E+00,-38.945E-03,+0.0E+00
+1.760100E+00,-28.894E-03,+0.0E+00
+1.762000E+00,-20.101E-03,+0.0E+00
+1.763900E+00,-28.894E-03,-20.101E-03
+1.765800E+00,-18.844E-03,+0.0E+00
+1.767700E+00,-20.101E-03,+0.0E+00
+1.769600E+00,-20.101E-03,-18.844E-03
+1.771500E+00,-20.101E-03,+0.0E+00
+1.773400E+00,-20.101E-03,+0.0E+00
+1.775300E+00,-20.101E-03,-8.794E-03
+1.777200E+00,-20.101E-03,+0.0E+00
+1.779100E+00,-10.050E-03,-8.794E-03
+1.781000E+00,-20.101E-03,-18.844E-03
+1.782900E+00,-10.050E-03,-10.050E-03
+1.784800E+00,-18.844E-03,+0.0E+00
+1.786700E+00,-18.844E-03,+0.0E+00
+1.788600E+00,-20.101E-03,+0.0E+00
+1.790500E+00,-10.050E-03,+0.0E+00
+1.792400E+00,+0.0E+00,+0.0E+00
+1.794300E+00,-10.050E-03,-8.794E-03
+1.796200E+00,-20.101E-03,-18.844E-03
+1.798100E+00,-20.101E-03,-8.794E-03
+1.800000E+00,-20.101E-03,+0.0E+00
+1.801900E+00,-10.050E-03,-8.794E-03
+1.803800E+00,-20.101E-03,+0.0E+00
+1.805700E+00,-8.794E-03,-20.101E-03
+1.807600E+00,-18.844E-03,-18.844E-03
+1.809500E+00,-10.050E-03,-8.794E-03
+1.811400E+00,-20.101E-03,+0.0E+00
+1.813300E+00,-10.050E-03,-10.050E-03
+1.815200E+00,-18.844E-03,-20.101E-03
+1.817100E+00,-20.101E-03,-8.794E-03
+1.819000E+00,+0.0E+00,-18.844E-03
+1.820900E+00,+0.0E+00,-10.050E-03
+1.822800E+00,-18.844E-03,+18.844E-03
+1.824700E+00,-10.050E-03,-10.050E-03
+1.826600E+00,-18.844E-03,+0.0E+00
+1.828500E+00,+0.0E+00,-8.794E-03
+1.830400E+00,-20.101E-03,+0.0E+00
+1.832300E+00,-8.794E-03,-10.050E-03
+1.834200E+00,-38.945E-03,+0.0E+00
+1.836100E+00,-20.101E-03,+0.0E+00
+1.838000E+00,-20.101E-03,+0.0E+00
+1.839900E+00,-10.050E-03,-20.101E-03
+1.841800E+00,+0.0E+00,+0.0E+00
+1.843700E+00,+0.0E+00,-10.050E-03
+1.845600E+00,+18.844E-03,+0.0E+00
+1.847500E+00,-8.794E-03,-8.794E-03
+1.849400E+00,-20.101E-03,+0.0E+00
+1.851300E+00,-20.101E-03,-20.101E-03
+1.853200E+00,-20.101E-03,-18.844E-03
+1.855100E+00,-10.050E-03,-8.794E-03
+1.857000E+00,-20.101E-03,+0.0E+00
+1.858900E+00,-8.794E-03,+0.0E+00
+1.860800E+00,+0.0E+00,+0.0E+00
+1.862700E+00,-10.050E-03,+0.0E+00
+1.864600E+00,-20.101E-03,+0.0E+00
+1.866500E+00,-20.101E-03,+0.0E+00
+1.868400E+00,-18.844E-03,-18.844E-03
+1.870300E+00,-20.101E-03,+0.0E+00
+1.872200E+00,+0.0E+00,+0.0E+00
+1.874100E+00,-8.794E-03,-10.050E-03
+1.876000E+00,-18.844E-03,-20.101E-03
+1.877900E+00,-28.894E-03,+0.0E+00
+1.879800E+00,+0.0E+00,-18.844E-03
+1.881700E+00,-20.101E-03,-10.050E-03
+1.883600E+00,+0.0E+00,+0.0E+00
+1.885500E+00,-28.894E-03,-10.050E-03
+1.887400E+00,-20.101E-03,+0.0E+00
+1.889300E+00,-20.101E-03,+0.0E+00
+1.891200E+00,-20.101E-03,-20.101E-03
+1.893100E+00,-20.101E-03,+0.0E+00
+1.895000E+00,+0.0E+00,+0.0E+00
+1.896900E+00,-8.794E-03,-10.050E-03
+1.898800E+00,+0.0E+00,+0.0E+00
+1.900700E+00,-18.844E-03,-8.794E-03
+1.902600E+00,-20.101E-03,-20.101E-03
+1.904500E+00,-8.794E-03,+0.0E+00
+1.906400E+00,-18.844E-03,-20.101E-03
+1.908300E+00,-20.101E-03,-8.794E-03
+1.910200E+00,-20.101E-03,+0.0E+00
+1.912100E+00,-8.794E-03,-8.794E-03
+1.914000E+00,+0.0E+00,-18.844E-03
+1.915900E+00,-10.050E-03,+8.794E-03
+1.917800E+00,-18.844E-03,-18.844E-03
+1.919700E+00,-20.101E-03,-10.050E-03
+1.921600E+00,-20.101E-03,+0.0E+00
+1.923500E+00,-20.101E-03,+0.0E+00
+1.925400E+00,-18.844E-03,-20.101E-03
+1.927300E+00,-10.050E-03,-10.050E-03
+1.929200E+00,-20.101E-03,+0.0E+00
+1.931100E+00,+0.0E+00,+8.794E-03
+1.933000E+00,-18.844E-03,+0.0E+00
+1.934900E+00,-10.050E-03,-8.794E-03
+1.936800E+00,-20.101E-03,+0.0E+00
+1.938700E+00,-8.794E-03,+0.0E+00
+1.940600E+00,+0.0E+00,-20.101E-03
+1.942500E+00,+0.0E+00,+0.0E+00
+1.944400E+00,-18.844E-03,+0.0E+00
+1.946300E+00,-8.794E-03,+0.0E+00
+1.948200E+00,-20.101E-03,+0.0E+00
+1.950100E+00,-8.794E-03,+0.0E+00
+1.952000E+00,+0.0E+00,+0.0E+00
+1.953900E+00,-20.101E-03,-8.794E-03
+1.955800E+00,-18.844E-03,+0.0E+00
+1.957700E+00,-20.101E-03,-10.050E-03
+1.959600E+00,-18.844E-03,+0.0E+00
+1.961500E+00,-20.101E-03,-8.794E-03
+1.963400E+00,+0.0E+00,+0.0E+00
+1.965300E+00,+8.794E-03,+0.0E+00
+1.967200E+00,-20.101E-03,+0.0E+00
+1.969100E+00,-20.101E-03,+0.0E+00
+1.971000E+00,-38.945E-03,-18.844E-03
+1.972900E+00,-20.101E-03,-8.794E-03
+1.974800E+00,-18.844E-03,-18.844E-03
+1.976700E+00,-20.101E-03,+0.0E+00
+1.978600E+00,-20.101E-03,+0.0E+00
+1.980500E+00,-20.101E-03,+0.0E+00
+1.982400E+00,-20.101E-03,+0.0E+00
+1.984300E+00,-20.101E-03,-8.794E-03
+1.986200E+00,+0.0E+00,-18.844E-03
+1.988100E+00,-8.794E-03,-20.101E-03
+1.990000E+00,-20.101E-03,+0.0E+00
+1.991900E+00,-10.050E-03,+0.0E+00
+1.993800E+00,-18.844E-03,+0.0E+00
+1.995700E+00,-20.101E-03,+0.0E+00
+1.997600E+00,-20.101E-03,+0.0E+00
+1.999500E+00,-20.101E-03,+0.0E+00
+2.001400E+00,-18.844E-03,-20.101E-03
+2.003300E+00,-20.101E-03,+0.0E+00
+2.005200E+00,+0.0E+00,-18.844E-03
+2.007100E+00,-20.101E-03,-10.050E-03
+2.009000E+00,+0.0E+00,+0.0E+00
+2.010900E+00,-20.101E-03,+0.0E+00
+2.012800E+00,-20.101E-03,+0.0E+00
+2.014700E+00,-8.794E-03,+0.0E+00
+2.016600E+00,-20.101E-03,+0.0E+00
+2.018500E+00,-20.101E-03,-10.050E-03
+2.020400E+00,+0.0E+00,+0.0E+00
+2.022300E+00,+0.0E+00,-8.794E-03
+2.024200E+00,-20.101E-03,+0.0E+00
+2.026100E+00,-20.101E-03,-10.050E-03
+2.028000E+00,-18.844E-03,+0.0E+00
+2.029900E+00,-28.894E-03,-8.794E-03
+2.031800E+00,-20.101E-03,+0.0E+00
+2.033700E+00,-8.794E-03,+0.0E+00
+2.035600E+00,-20.101E-03,+0.0E+00
+2.037500E+00,-20.101E-03,-8.794E-03
+2.039400E+00,+0.0E+00,+0.0E+00
+2.041300E+00,-8.794E-03,+8.794E-03
+2.043200E+00,+0.0E+00,-20.101E-03
+2.045100E+00,-30.151E-03,+0.0E+00
+2.047000E+00,-20.101E-03,+0.0E+00
+2.048900E+00,+0.0E+00,-20.101E-03
+2.050800E+00,-18.844E-03,+0.0E+00
+2.052700E+00,-20.101E-03,+0.0E+00
+2.054600E+00,-20.101E-03,+0.0E+00
+2.056500E+00,-20.101E-03,-8.794E-03
+2.058400E+00,-20.101E-03,+18.844E-03
+2.060300E+00,-8.794E-03,-10.050E-03
+2.062200E+00,-20.101E-03,-18.844E-03
+2.064100E+00,-20.101E-03,-8.794E-03
+2.066000E+00,-20.101E-03,+18.844E-03
+2.067900E+00,-20.101E-03,+0.0E+00
+2.069800E+00,+0.0E+00,+0.0E+00
+2.071700E+00,-20.101E-03,+0.0E+00
+2.073600E+00,-18.844E-03,-18.844E-03
+2.075500E+00,+0.0E+00,+10.050E-03
+2.077400E+00,-18.844E-03,-20.101E-03
+2.079300E+00,-8.794E-03,-20.101E-03
+2.081200E+00,-20.101E-03,+0.0E+00
+2.083100E+00,-8.794E-03,-8.794E-03
+2.085000E+00,-20.101E-03,+0.0E+00
+2.086900E+00,+0.0E+00,-8.794E-03
+2.088800E+00,-20.101E-03,-38.945E-03
+2.090700E+00,-30.151E-03,+0.0E+00
+2.092600E+00,-20.101E-03,+0.0E+00
+2.094500E+00,-20.101E-03,+10.050E-03
+2.096400E+00,+0.0E+00,+0.0E+00
+2.098300E+00,-20.101E-03,-8.794E-03
+2.100200E+00,-20.101E-03,+0.0E+00
+2.102100E+00,-20.101E-03,-10.050E-03
+2.104000E+00,+0.0E+00,-38.945E-03
+2.105900E+00,+0.0E+00,+0.0E+00
+2.107800E+00,-20.101E-03,+0.0E+00
+2.109700E+00,-10.050E-03,+0.0E+00
+2.111600E+00,-20.101E-03,+0.0E+00
+2.113500E+00,-8.794E-03,+0.0E+00
+2.115400E+00,-20.101E-03,+0.0E+00
+2.117300E+00,-20.101E-03,-10.050E-03
+2.119200E+00,+0.0E+00,-18.844E-03
+2.121100E+00,-10.050E-03,-10.050E-03
+2.123000E+00,-20.101E-03,-20.101E-03
+2.124900E+00,-20.101E-03,-20.101E-03
+2.126800E+00,-18.844E-03,+0.0E+00
+2.128700E+00,-10.050E-03,-8.794E-03
+2.130600E+00,+0.0E+00,+0.0E+00
+2.132500E+00,-30.151E-03,+0.0E+00
+2.134400E+00,-20.101E-03,+0.0E+00
+2.136300E+00,-8.794E-03,-20.101E-03
+2.138200E+00,-20.101E-03,-18.844E-03
+2.140100E+00,+0.0E+00,-20.101E-03
+2.142000E+00,-18.844E-03,-18.844E-03
+2.143900E+00,-28.894E-03,+0.0E+00
+2.145800E+00,-20.101E-03,-20.101E-03
+2.147700E+00,-20.101E-03,-10.050E-03
+2.149600E+00,+0.0E+00,+0.0E+00
+2.151500E+00,-10.050E-03,+0.0E+00
+2.153400E+00,-20.101E-03,+0.0E+00
+2.155300E+00,-20.101E-03,-20.101E-03
+2.157200E+00,-20.101E-03,+0.0E+00
+2.159100E+00,-10.050E-03,-10.050E-03
+2.161000E+00,+0.0E+00,+0.0E+00
+2.162900E+00,-20.101E-03,-10.050E-03
+2.164800E+00,-18.844E-03,-18.844E-03
+2.166700E+00,-28.894E-03,-10.050E-03
+2.168600E+00,-18.844E-03,+0.0E+00
+2.170500E+00,-28.894E-03,-20.101E-03
+2.172400E+00,-20.101E-03,+0.0E+00
+2.174300E+00,-20.101E-03,+0.0E+00
+2.176200E+00,-20.101E-03,+0.0E+00
+2.178100E+00,-20.101E-03,+0.0E+00
+2.180000E+00,-18.844E-03,+0.0E+00
+2.181900E+00,-10.050E-03,-8.794E-03
+2.183800E+00,+0.0E+00,+0.0E+00
+2.185700E+00,+0.0E+00,-8.794E-03
+2.187600E+00,-20.101E-03,-18.844E-03
+2.189500E+00,-10.050E-03,-8.794E-03
+2.191400E+00,-20.101E-03,-18.844E-03
+2.193300E+00,-10.050E-03,-10.050E-03
+2.195200E+00,-38.945E-03,+0.0E+00
+2.197100E+00,-8.794E-03,+0.0E+00
+2.199000E+00,-20.101E-03,+0.0E+00
+2.200900E+00,-10.050E-03,-20.101E-03
+2.202800E+00,-20.101E-03,-20.101E-03
+2.204700E+00,+0.0E+00,-8.794E-03
+2.206600E+00,+0.0E+00,-18.844E-03
+2.208500E+00,+0.0E+00,+0.0E+00
+2.210400E+00,-18.844E-03,+0.0E+00
+2.212300E+00,-8.794E-03,+0.0E+00
+2.214200E+00,+0.0E+00,-18.844E-03
+2.216100E+00,-20.101E-03,-8.794E-03
+2.218000E+00,+0.0E+00,+0.0E+00
+2.219900E+00,-8.794E-03,-20.101E-03
+2.221800E+00,+0.0E+00,+0.0E+00
+2.223700E+00,-20.101E-03,-10.050E-03
+2.225600E+00,-20.101E-03,-18.844E-03
+2.227500E+00,+0.0E+00,-20.101E-03
+2.229400E+00,-18.844E-03,+0.0E+00
+2.231300E+00,-20.101E-03,-8.794E-03
+2.233200E+00,+0.0E+00,-38.945E-03
+2.235100E+00,-40.201E-03,-20.101E-03
+2.237000E+00,+0.0E+00,-18.844E-03
+2.238900E+00,-20.101E-03,-8.794E-03
+2.240800E+00,-20.101E-03,+0.0E+00
+2.242700E+00,-20.101E-03,+8.794E-03
+2.244600E+00,-18.844E-03,+0.0E+00
+2.246500E+00,-20.101E-03,+0.0E+00
+2.248400E+00,-20.101E-03,-18.844E-03
+2.250300E+00,-8.794E-03,-20.101E-03
+2.252200E+00,-38.945E-03,-18.844E-03
+2.254100E+00,-8.794E-03,+0.0E+00
+2.256000E+00,-38.945E-03,-18.844E-03
+2.257900E+00,-20.101E-03,-8.794E-03
+2.259800E+00,-20.101E-03,-20.101E-03
+2.261700E+00,-8.794E-03,+0.0E+00
+2.263600E+00,+0.0E+00,+0.0E+00
+2.265500E+00,-20.101E-03,-20.101E-03
+2.267400E+00,-18.844E-03,+18.844E-03
+2.269300E+00,-8.794E-03,-8.794E-03
+2.271200E+00,-18.844E-03,-18.844E-03
+2.273100E+00,-10.050E-03,-10.050E-03
