x-axis,1,2
second,Volt,Volt
-2.770000E+00,+0.0E+00,+0.0E+00
-2.767200E+00,-20.101E-03,-18.844E-03
-2.764400E+00,+0.0E+00,-18.844E-03
-2.761600E+00,-20.101E-03,+0.0E+00
-2.758800E+00,-18.844E-03,+0.0E+00
-2.756000E+00,-20.101E-03,+0.0E+00
-2.753200E+00,+0.0E+00,-18.844E-03
-2.750400E+00,-18.844E-03,+0.0E+00
-2.747600E+00,+0.0E+00,+0.0E+00
-2.744800E+00,+0.0E+00,+0.0E+00
-2.742000E+00,+0.0E+00,+0.0E+00
-2.739200E+00,-18.844E-03,+18.844E-03
-2.736400E+00,-20.101E-03,+18.844E-03
-2.733600E+00,+0.0E+00,+0.0E+00
-2.730800E+00,-20.101E-03,+0.0E+00
-2.728000E+00,-18.844E-03,-38.945E-03
-2.725200E+00,-18.844E-03,+0.0E+00
-2.722400E+00,-20.101E-03,+0.0E+00
-2.719600E+00,+0.0E+00,+0.0E+00
-2.716800E+00,+0.0E+00,+0.0E+00
-2.714000E+00,-20.101E-03,+0.0E+00
-2.711200E+00,-20.101E-03,+0.0E+00
-2.708400E+00,+0.0E+00,+0.0E+00
-2.705600E+00,+18.844E-03,+0.0E+00
-2.702800E+00,+0.0E+00,+0.0E+00
-2.700000E+00,+0.0E+00,-20.101E-03
-2.697200E+00,+0.0E+00,-20.101E-03
-2.694400E+00,-18.844E-03,-20.101E-03
-2.691600E+00,-18.844E-03,+0.0E+00
-2.688800E+00,+0.0E+00,-18.844E-03
-2.686000E+00,+0.0E+00,-18.844E-03
-2.683200E+00,+0.0E+00,-18.844E-03
-2.680400E+00,-20.101E-03,+0.0E+00
-2.677600E+00,+0.0E+00,+0.0E+00
-2.674800E+00,-18.844E-03,-20.101E-03
-2.672000E+00,+0.0E+00,-20.101E-03
-2.669200E+00,+0.0E+00,+0.0E+00
-2.666400E+00,-20.101E-03,+0.0E+00
-2.663600E+00,+0.0E+00,+0.0E+00
-2.660800E+00,-18.844E-03,-18.844E-03
-2.658000E+00,+0.0E+00,+0.0E+00
-2.655200E+00,+0.0E+00,+0.0E+00
-2.652400E+00,-20.101E-03,+18.844E-03
-2.649600E+00,+18.844E-03,+0.0E+00
-2.646800E+00,-20.101E-03,-18.844E-03
-2.644000E+00,-20.101E-03,+0.0E+00
-2.641200E+00,+0.0E+00,+0.0E+00
-2.638400E+00,-20.101E-03,+0.0E+00
-2.635600E+00,+0.0E+00,+18.844E-03
-2.632800E+00,-18.844E-03,-20.101E-03
-2.630000E+00,-20.101E-03,+0.0E+00
-2.627200E+00,-20.101E-03,-20.101E-03
-2.624400E+00,+0.0E+00,+0.0E+00
-2.621600E+00,+0.0E+00,+18.844E-03
-2.618800E+00,-20.101E-03,+0.0E+00
-2.616000E+00,-20.101E-03,-20.101E-03
-2.613200E+00,-20.101E-03,-18.844E-03
-2.610400E+00,+0.0E+00,+0.0E+00
-2.607600E+00,+0.0E+00,+0.0E+00
-2.604800E+00,+0.0E+00,-18.844E-03
-2.602000E+00,+0.0E+00,+18.844E-03
-2.599200E+00,-18.844E-03,+0.0E+00
-2.596400E+00,-20.101E-03,-20.101E-03
-2.593600E+00,-18.844E-03,+0.0E+00
-2.590800E+00,-20.101E-03,+0.0E+00
-2.588000E+00,+0.0E+00,+20.101E-03
-2.585200E+00,+0.0E+00,+0.0E+00
-2.582400E+00,-18.844E-03,+0.0E+00
-2.579600E+00,-18.844E-03,+0.0E+00
-2.576800E+00,-20.101E-03,+0.0E+00
-2.574000E+00,-18.844E-03,+0.0E+00
-2.571200E+00,+18.844E-03,-20.101E-03
-2.568400E+00,+0.0E+00,+0.0E+00
-2.565600E+00,+0.0E+00,+0.0E+00
-2.562800E+00,-18.844E-03,+0.0E+00
-2.560000E+00,+0.0E+00,+0.0E+00
-2.557200E+00,-18.844E-03,+0.0E+00
-2.554400E+00,-20.101E-03,+0.0E+00
-2.551600E+00,-18.844E-03,-18.844E-03
-2.548800E+00,-20.101E-03,+0.0E+00
-2.546000E+00,-18.844E-03,+0.0E+00
-2.543200E+00,+0.0E+00,-20.101E-03
-2.540400E+00,-20.101E-03,-20.101E-03
-2.537600E+00,+0.0E+00,-20.101E-03
-2.534800E+00,-18.844E-03,+0.0E+00
-2.532000E+00,+0.0E+00,-20.101E-03
-2.529200E+00,+0.0E+00,+18.844E-03
-2.526400E+00,+0.0E+00,-18.844E-03
-2.523600E+00,-38.945E-03,+0.0E+00
-2.520800E+00,+0.0E+00,-18.844E-03
-2.518000E+00,-20.101E-03,+0.0E+00
-2.515200E+00,-20.101E-03,+0.0E+00
-2.512400E+00,-38.945E-03,+0.0E+00
-2.509600E+00,-18.844E-03,+18.844E-03
-2.506800E+00,-18.844E-03,+0.0E+00
-2.504000E+00,+0.0E+00,-18.844E-03
-2.501200E+00,-20.101E-03,+0.0E+00
-2.498400E+00,-20.101E-03,+0.0E+00
-2.495600E+00,-20.101E-03,+0.0E+00
-2.492800E+00,+0.0E+00,+0.0E+00
-2.490000E+00,+0.0E+00,-18.844E-03
-2.487200E+00,-20.101E-03,+0.0E+00
-2.484400E+00,-18.844E-03,+0.0E+00
-2.481600E+00,-38.945E-03,-18.844E-03
-2.478800E+00,-18.844E-03,+0.0E+00
-2.476000E+00,-18.844E-03,-18.844E-03
-2.473200E+00,-18.844E-03,+0.0E+00
-2.470400E+00,+0.0E+00,+0.0E+00
-2.467600E+00,+0.0E+00,+0.0E+00
-2.464800E+00,+0.0E+00,+0.0E+00
-2.462000E+00,-18.844E-03,-18.844E-03
-2.459200E+00,+0.0E+00,-20.101E-03
-2.456400E+00,+0.0E+00,+0.0E+00
-2.453600E+00,+0.0E+00,+0.0E+00
-2.450800E+00,+0.0E+00,+0.0E+00
-2.448000E+00,-18.844E-03,+18.844E-03
-2.445200E+00,+0.0E+00,+0.0E+00
-2.442400E+00,+0.0E+00,+0.0E+00
-2.439600E+00,+0.0E+00,-18.844E-03
-2.436800E+00,+0.0E+00,+0.0E+00
-2.434000E+00,-20.101E-03,+0.0E+00
-2.431200E+00,-20.101E-03,-18.844E-03
-2.428400E+00,-18.844E-03,+18.844E-03
-2.425600E+00,+0.0E+00,-20.101E-03
-2.422800E+00,-20.101E-03,+0.0E+00
-2.420000E+00,-18.844E-03,+0.0E+00
-2.417200E+00,-20.101E-03,+0.0E+00
-2.414400E+00,-20.101E-03,-20.101E-03
-2.411600E+00,-18.844E-03,+0.0E+00
-2.408800E+00,+0.0E+00,+0.0E+00
-2.406000E+00,-38.945E-03,-18.844E-03
-2.403200E+00,+0.0E+00,+0.0E+00
-2.400400E+00,-18.844E-03,-18.844E-03
-2.397600E+00,+0.0E+00,+0.0E+00
-2.394800E+00,-20.101E-03,+0.0E+00
-2.392000E+00,-18.844E-03,-20.101E-03
-2.389200E+00,-18.844E-03,+0.0E+00
-2.386400E+00,-20.101E-03,-20.101E-03
-2.383600E+00,+0.0E+00,+0.0E+00
-2.380800E+00,+0.0E+00,+18.844E-03
-2.378000E+00,-20.101E-03,+0.0E+00
-2.375200E+00,-18.844E-03,+0.0E+00
-2.372400E+00,-20.101E-03,-20.101E-03
-2.369600E+00,-38.945E-03,-18.844E-03
-2.366800E+00,+0.0E+00,+0.0E+00
-2.364000E+00,-20.101E-03,+0.0E+00
-2.361200E+00,-20.101E-03,-20.101E-03
-2.358400E+00,+0.0E+00,+0.0E+00
-2.355600E+00,-18.844E-03,-18.844E-03
-2.352800E+00,-20.101E-03,+0.0E+00
-2.350000E+00,+0.0E+00,-18.844E-03
-2.347200E+00,-18.844E-03,+18.844E-03
-2.344400E+00,+0.0E+00,+0.0E+00
-2.341600E+00,-18.844E-03,+0.0E+00
-2.338800E+00,-20.101E-03,-18.844E-03
-2.336000E+00,-20.101E-03,+0.0E+00
-2.333200E+00,-18.844E-03,-18.844E-03
-2.330400E+00,+0.0E+00,-20.101E-03
-2.327600E+00,-20.101E-03,+0.0E+00
-2.324800E+00,+0.0E+00,+0.0E+00
-2.322000E+00,-18.844E-03,+0.0E+00
-2.319200E+00,+18.844E-03,-18.844E-03
-2.316400E+00,-18.844E-03,+0.0E+00
-2.313600E+00,+0.0E+00,-18.844E-03
-2.310800E+00,+0.0E+00,-20.101E-03
-2.308000E+00,-20.101E-03,+0.0E+00
-2.305200E+00,-20.101E-03,+0.0E+00
-2.302400E+00,+0.0E+00,+0.0E+00
-2.299600E+00,-18.844E-03,-20.101E-03
-2.296800E+00,-20.101E-03,-18.844E-03
-2.294000E+00,-20.101E-03,+0.0E+00
-2.291200E+00,-20.101E-03,+0.0E+00
-2.288400E+00,-20.101E-03,+0.0E+00
-2.285600E+00,-18.844E-03,+0.0E+00
-2.282800E+00,+18.844E-03,+18.844E-03
-2.280000E+00,-18.844E-03,+0.0E+00
-2.277200E+00,-18.844E-03,+0.0E+00
-2.274400E+00,-18.844E-03,+0.0E+00
-2.271600E+00,-18.844E-03,-20.101E-03
-2.268800E+00,-18.844E-03,+0.0E+00
-2.266000E+00,-20.101E-03,+0.0E+00
-2.263200E+00,+0.0E+00,+0.0E+00
-2.260400E+00,+0.0E+00,+0.0E+00
-2.257600E+00,+0.0E+00,+0.0E+00
-2.254800E+00,-20.101E-03,-18.844E-03
-2.252000E+00,-20.101E-03,-20.101E-03
-2.249200E+00,-18.844E-03,+0.0E+00
-2.246400E+00,+0.0E+00,-20.101E-03
-2.243600E+00,-20.101E-03,-18.844E-03
-2.240800E+00,-18.844E-03,+0.0E+00
-2.238000E+00,-20.101E-03,+0.0E+00
-2.235200E+00,+0.0E+00,+0.0E+00
-2.232400E+00,+0.0E+00,+0.0E+00
-2.229600E+00,+0.0E+00,-18.844E-03
-2.226800E+00,-20.101E-03,+0.0E+00
-2.224000E+00,-20.101E-03,-18.844E-03
-2.221200E+00,+0.0E+00,+0.0E+00
-2.218400E+00,-18.844E-03,+0.0E+00
-2.215600E+00,-18.844E-03,+0.0E+00
-2.212800E+00,-20.101E-03,-18.844E-03
-2.210000E+00,+0.0E+00,-20.101E-03
-2.207200E+00,-20.101E-03,+0.0E+00
-2.204400E+00,-18.844E-03,+0.0E+00
-2.201600E+00,-18.844E-03,+0.0E+00
-2.198800E+00,-20.101E-03,+18.844E-03
-2.196000E+00,+0.0E+00,+0.0E+00
-2.193200E+00,-20.101E-03,+0.0E+00
-2.190400E+00,+0.0E+00,+0.0E+00
-2.187600E+00,-20.101E-03,-18.844E-03
-2.184800E+00,+0.0E+00,+0.0E+00
-2.182000E+00,-18.844E-03,+0.0E+00
-2.179200E+00,-18.844E-03,-20.101E-03
-2.176400E+00,+0.0E+00,+0.0E+00
-2.173600E+00,+0.0E+00,-20.101E-03
-2.170800E+00,-18.844E-03,+0.0E+00
-2.168000E+00,-18.844E-03,-18.844E-03
-2.165200E+00,+0.0E+00,+18.844E-03
-2.162400E+00,+0.0E+00,-18.844E-03
-2.159600E+00,-20.101E-03,+0.0E+00
-2.156800E+00,-18.844E-03,+0.0E+00
-2.154000E+00,+0.0E+00,+0.0E+00
-2.151200E+00,-20.101E-03,+0.0E+00
-2.148400E+00,+0.0E+00,+0.0E+00
-2.145600E+00,+0.0E+00,-20.101E-03
-2.142800E+00,-20.101E-03,-18.844E-03
-2.140000E+00,-561.558E-03,-360.553E-03
-2.137200E+00,+38.945E-03,-179.648E-03
-2.134400E+00,+0.0E+00,+18.844E-03
-2.131600E+00,+38.945E-03,-38.945E-03
-2.128800E+00,+0.0E+00,+18.844E-03
-2.126000E+00,-38.945E-03,+0.0E+00
-2.123200E+00,+0.0E+00,-20.101E-03
-2.120400E+00,-38.945E-03,+18.844E-03
-2.117600E+00,-20.101E-03,-18.844E-03
-2.114800E+00,-20.101E-03,+18.844E-03
-2.112000E+00,-38.945E-03,-18.844E-03
-2.109200E+00,+18.844E-03,-38.945E-03
-2.106400E+00,-38.945E-03,-18.844E-03
-2.103600E+00,+179.648E-03,-159.548E-03
-2.100800E+00,+561.558E-03,+340.452E-03
-2.098000E+00,-79.146E-03,-320.352E-03
-2.095200E+00,-20.101E-03,-79.146E-03
-2.092400E+00,-59.045E-03,+0.0E+00
-2.089600E+00,+38.945E-03,-38.945E-03
-2.086800E+00,+0.0E+00,+18.844E-03
-2.084000E+00,+0.0E+00,-18.844E-03
-2.081200E+00,+0.0E+00,+18.844E-03
-2.078400E+00,-18.844E-03,+18.844E-03
-2.075600E+00,+18.844E-03,-18.844E-03
-2.072800E+00,-38.945E-03,+0.0E+00
-2.070000E+00,-38.945E-03,-18.844E-03
-2.067200E+00,+0.0E+00,+18.844E-03
-2.064400E+00,-179.648E-03,+20.101E-03
-2.061600E+00,+501.256E-03,+159.548E-03
-2.058800E+00,-159.548E-03,+400.754E-03
-2.056000E+00,-59.045E-03,-99.246E-03
-2.053200E+00,+18.844E-03,+0.0E+00
-2.050400E+00,-38.945E-03,-38.945E-03
-2.047600E+00,+18.844E-03,+18.844E-03
-2.044800E+00,-20.101E-03,+0.0E+00
-2.042000E+00,+0.0E+00,-20.101E-03
-2.039200E+00,+0.0E+00,-20.101E-03
-2.036400E+00,-20.101E-03,-18.844E-03
-2.033600E+00,+18.844E-03,+0.0E+00
-2.030800E+00,-38.945E-03,-38.945E-03
-2.028000E+00,+0.0E+00,-20.101E-03
-2.025200E+00,+20.101E-03,+99.246E-03
-2.022400E+00,-360.553E-03,-260.050E-03
-2.019600E+00,+461.055E-03,-221.106E-03
-2.016800E+00,-159.548E-03,+18.844E-03
-2.014000E+00,+38.945E-03,+0.0E+00
-2.011200E+00,-59.045E-03,+0.0E+00
-2.008400E+00,-18.844E-03,-59.045E-03
-2.005600E+00,+0.0E+00,+0.0E+00
-2.002800E+00,-20.101E-03,-38.945E-03
-2.000000E+00,+0.0E+00,+0.0E+00
-1.997200E+00,-20.101E-03,+0.0E+00
-1.994400E+00,-20.101E-03,-38.945E-03
-1.991600E+00,+18.844E-03,+38.945E-03
-1.988800E+00,-40.201E-03,+0.0E+00
-1.986000E+00,+59.045E-03,+0.0E+00
-1.983200E+00,-219.849E-03,+179.648E-03
-1.980400E+00,+38.945E-03,-621.859E-03
-1.977600E+00,+79.146E-03,+199.749E-03
-1.974800E+00,-59.045E-03,-18.844E-03
-1.972000E+00,+20.101E-03,+38.945E-03
-1.969200E+00,-59.045E-03,+20.101E-03
-1.966400E+00,+18.844E-03,-20.101E-03
-1.963600E+00,-38.945E-03,+0.0E+00
-1.960800E+00,-38.945E-03,-20.101E-03
-1.958000E+00,+0.0E+00,+0.0E+00
-1.955200E+00,-18.844E-03,-18.844E-03
-1.952400E+00,+0.0E+00,-20.101E-03
-1.949600E+00,-38.945E-03,+38.945E-03
-1.946800E+00,+0.0E+00,-38.945E-03
-1.944000E+00,+80.402E-03,+139.447E-03
-1.941200E+00,-18.844E-03,-561.558E-03
-1.938400E+00,+320.352E-03,-80.402E-03
-1.935600E+00,-18.844E-03,+79.146E-03
-1.932800E+00,+18.844E-03,-38.945E-03
-1.930000E+00,-38.945E-03,+18.844E-03
-1.927200E+00,-18.844E-03,-18.844E-03
-1.924400E+00,+0.0E+00,+18.844E-03
-1.921600E+00,-18.844E-03,+18.844E-03
-1.918800E+00,-20.101E-03,-18.844E-03
-1.916000E+00,+0.0E+00,+0.0E+00
-1.913200E+00,+0.0E+00,-38.945E-03
-1.910400E+00,+18.844E-03,+0.0E+00
-1.907600E+00,-18.844E-03,+20.101E-03
-1.904800E+00,+79.146E-03,-79.146E-03
-1.902000E+00,-38.945E-03,+440.955E-03
-1.899200E+00,-440.955E-03,+0.0E+00
-1.896400E+00,+99.246E-03,+0.0E+00
-1.893600E+00,-38.945E-03,-18.844E-03
-1.890800E+00,+0.0E+00,-59.045E-03
-1.888000E+00,-18.844E-03,+18.844E-03
-1.885200E+00,+0.0E+00,-18.844E-03
-1.882400E+00,-18.844E-03,+0.0E+00
-1.879600E+00,-18.844E-03,+18.844E-03
-1.876800E+00,+0.0E+00,-18.844E-03
-1.874000E+00,-38.945E-03,+0.0E+00
-1.871200E+00,-40.201E-03,-38.945E-03
-1.868400E+00,+20.101E-03,+0.0E+00
-1.865600E+00,-40.201E-03,-59.045E-03
-1.862800E+00,+219.849E-03,+179.648E-03
-1.860000E+00,-541.457E-03,+99.246E-03
-1.857200E+00,+38.945E-03,-159.548E-03
-1.854400E+00,+0.0E+00,+38.945E-03
-1.851600E+00,-38.945E-03,-38.945E-03
-1.848800E+00,+0.0E+00,+18.844E-03
-1.846000E+00,-38.945E-03,-38.945E-03
-1.843200E+00,+0.0E+00,+0.0E+00
-1.840400E+00,-20.101E-03,+0.0E+00
-1.837600E+00,+0.0E+00,-18.844E-03
-1.834800E+00,+0.0E+00,+18.844E-03
-1.832000E+00,-59.045E-03,+0.0E+00
-1.829200E+00,+18.844E-03,+0.0E+00
-1.826400E+00,-59.045E-03,-18.844E-03
-1.823600E+00,+159.548E-03,-59.045E-03
-1.820800E+00,+501.256E-03,+159.548E-03
-1.818000E+00,-260.050E-03,-38.945E-03
-1.815200E+00,+38.945E-03,-38.945E-03
-1.812400E+00,+0.0E+00,+20.101E-03
-1.809600E+00,+0.0E+00,-38.945E-03
-1.806800E+00,+0.0E+00,+18.844E-03
-1.804000E+00,-20.101E-03,-18.844E-03
-1.801200E+00,+18.844E-03,+0.0E+00
-1.798400E+00,+0.0E+00,+0.0E+00
-1.795600E+00,+0.0E+00,-18.844E-03
-1.792800E+00,-20.101E-03,+18.844E-03
-1.790000E+00,-59.045E-03,-38.945E-03
-1.787200E+00,+18.844E-03,+0.0E+00
-1.784400E+00,-119.347E-03,-59.045E-03
-1.781600E+00,+420.854E-03,-119.347E-03
-1.778800E+00,-179.648E-03,+300.251E-03
-1.776000E+00,-59.045E-03,-59.045E-03
-1.773200E+00,+18.844E-03,+0.0E+00
-1.770400E+00,-38.945E-03,-18.844E-03
-1.767600E+00,+18.844E-03,+0.0E+00
-1.764800E+00,-38.945E-03,+0.0E+00
-1.762000E+00,-20.101E-03,+0.0E+00
-1.759200E+00,+0.0E+00,+0.0E+00
-1.756400E+00,-18.844E-03,-18.844E-03
-1.753600E+00,+0.0E+00,+0.0E+00
-1.750800E+00,-38.945E-03,+18.844E-03
-1.748000E+00,+18.844E-03,+0.0E+00
-1.745200E+00,-79.146E-03,+0.0E+00
-1.742400E+00,+119.347E-03,-320.352E-03
-1.739600E+00,+300.251E-03,-301.508E-03
-1.736800E+00,-119.347E-03,+38.945E-03
-1.734000E+00,+0.0E+00,-18.844E-03
-1.731200E+00,-38.945E-03,+18.844E-03
-1.728400E+00,+0.0E+00,-59.045E-03
-1.725600E+00,-20.101E-03,+18.844E-03
-1.722800E+00,-18.844E-03,-18.844E-03
-1.720000E+00,+0.0E+00,-20.101E-03
-1.717200E+00,+0.0E+00,+0.0E+00
-1.714400E+00,+0.0E+00,-18.844E-03
-1.711600E+00,+18.844E-03,+0.0E+00
-1.708800E+00,-38.945E-03,+18.844E-03
-1.706000E+00,+38.945E-03,+38.945E-03
-1.703200E+00,-179.648E-03,+139.447E-03
-1.700400E+00,+320.352E-03,-380.653E-03
-1.697600E+00,+159.548E-03,-20.101E-03
-1.694800E+00,-59.045E-03,-18.844E-03
-1.692000E+00,+0.0E+00,+18.844E-03
-1.689200E+00,-38.945E-03,-18.844E-03
-1.686400E+00,+18.844E-03,-18.844E-03
-1.683600E+00,-18.844E-03,+18.844E-03
-1.680800E+00,-18.844E-03,-18.844E-03
-1.678000E+00,+18.844E-03,+0.0E+00
-1.675200E+00,-20.101E-03,-20.101E-03
-1.672400E+00,+18.844E-03,+0.0E+00
-1.669600E+00,+20.101E-03,+18.844E-03
-1.666800E+00,-40.201E-03,-38.945E-03
-1.664000E+00,+59.045E-03,+119.347E-03
-1.661200E+00,-481.156E-03,-18.844E-03
-1.658400E+00,+280.151E-03,+18.844E-03
-1.655600E+00,-18.844E-03,+59.045E-03
-1.652800E+00,-20.101E-03,-38.945E-03
-1.650000E+00,-18.844E-03,+18.844E-03
-1.647200E+00,-40.201E-03,-18.844E-03
-1.644400E+00,+0.0E+00,+18.844E-03
-1.641600E+00,-38.945E-03,+0.0E+00
-1.638800E+00,-18.844E-03,+0.0E+00
-1.636000E+00,+0.0E+00,+0.0E+00
-1.633200E+00,-18.844E-03,-18.844E-03
-1.630400E+00,+0.0E+00,+18.844E-03
-1.627600E+00,-38.945E-03,+18.844E-03
-1.624800E+00,+79.146E-03,-40.201E-03
-1.622000E+00,-360.553E-03,+40.201E-03
-1.619200E+00,-80.402E-03,-360.553E-03
-1.616400E+00,+59.045E-03,-60.302E-03
-1.613600E+00,-20.101E-03,-38.945E-03
-1.610800E+00,+0.0E+00,+18.844E-03
-1.608000E+00,-38.945E-03,+0.0E+00
-1.605200E+00,+0.0E+00,-18.844E-03
-1.602400E+00,+0.0E+00,+0.0E+00
-1.599600E+00,+0.0E+00,+0.0E+00
-1.596800E+00,+0.0E+00,+0.0E+00
-1.594000E+00,-38.945E-03,+0.0E+00
-1.591200E+00,-20.101E-03,-38.945E-03
-1.588400E+00,+18.844E-03,+18.844E-03
-1.585600E+00,-79.146E-03,-18.844E-03
-1.582800E+00,+139.447E-03,+199.749E-03
-1.580000E+00,-420.854E-03,+120.603E-03
-1.577200E+00,+18.844E-03,-139.447E-03
-1.574400E+00,+0.0E+00,+18.844E-03
-1.571600E+00,-38.945E-03,-38.945E-03
-1.568800E+00,+18.844E-03,+0.0E+00
-1.566000E+00,-18.844E-03,+0.0E+00
-1.563200E+00,-20.101E-03,+0.0E+00
-1.560400E+00,-18.844E-03,+0.0E+00
-1.557600E+00,-20.101E-03,+0.0E+00
-1.554800E+00,+0.0E+00,+18.844E-03
-1.552000E+00,-18.844E-03,+0.0E+00
-1.549200E+00,+0.0E+00,-18.844E-03
-1.546400E+00,-59.045E-03,+0.0E+00
-1.543600E+00,+119.347E-03,+20.101E-03
-1.540800E+00,+239.950E-03,+340.452E-03
-1.538000E+00,-219.849E-03,-119.347E-03
-1.535200E+00,+18.844E-03,-40.201E-03
-1.532400E+00,-38.945E-03,+0.0E+00
-1.529600E+00,+18.844E-03,-18.844E-03
-1.526800E+00,+0.0E+00,+0.0E+00
-1.524000E+00,-18.844E-03,+0.0E+00
-1.521200E+00,+0.0E+00,-20.101E-03
-1.518400E+00,-20.101E-03,-18.844E-03
-1.515600E+00,+18.844E-03,+0.0E+00
-1.512800E+00,-20.101E-03,+18.844E-03
-1.510000E+00,-20.101E-03,-38.945E-03
-1.507200E+00,+0.0E+00,+18.844E-03
-1.504400E+00,-99.246E-03,+60.302E-03
-1.501600E+00,+340.452E-03,-180.905E-03
-1.498800E+00,+80.402E-03,+260.050E-03
-1.496000E+00,-40.201E-03,-79.146E-03
-1.493200E+00,-20.101E-03,+38.945E-03
-1.490400E+00,-20.101E-03,-38.945E-03
-1.487600E+00,+18.844E-03,-38.945E-03
-1.484800E+00,-38.945E-03,+0.0E+00
-1.482000E+00,+0.0E+00,+0.0E+00
-1.479200E+00,+0.0E+00,-20.101E-03
-1.476400E+00,-20.101E-03,+0.0E+00
-1.473600E+00,+0.0E+00,-20.101E-03
-1.470800E+00,-18.844E-03,+38.945E-03
-1.468000E+00,+0.0E+00,-38.945E-03
-1.465200E+00,+0.0E+00,+79.146E-03
-1.462400E+00,+0.0E+00,-300.251E-03
-1.459600E+00,+159.548E-03,+340.452E-03
-1.456800E+00,-139.447E-03,-18.844E-03
-1.454000E+00,+0.0E+00,-38.945E-03
-1.451200E+00,+0.0E+00,+18.844E-03
-1.448400E+00,-18.844E-03,-18.844E-03
-1.445600E+00,+18.844E-03,+0.0E+00
-1.442800E+00,-18.844E-03,-18.844E-03
-1.440000E+00,-20.101E-03,+0.0E+00
-1.437200E+00,+0.0E+00,+0.0E+00
-1.434400E+00,+0.0E+00,-18.844E-03
-1.431600E+00,-18.844E-03,+18.844E-03
-1.428800E+00,-18.844E-03,-38.945E-03
-1.426000E+00,+18.844E-03,+38.945E-03
-1.423200E+00,-219.849E-03,+0.0E+00
-1.420400E+00,+380.653E-03,-139.447E-03
-1.417600E+00,+120.603E-03,+59.045E-03
-1.414800E+00,-59.045E-03,-18.844E-03
-1.412000E+00,+18.844E-03,+0.0E+00
-1.409200E+00,-38.945E-03,-38.945E-03
-1.406400E+00,+18.844E-03,+0.0E+00
-1.403600E+00,-18.844E-03,+0.0E+00
-1.400800E+00,-20.101E-03,-18.844E-03
-1.398000E+00,+0.0E+00,-18.844E-03
-1.395200E+00,-18.844E-03,+0.0E+00
-1.392400E+00,+18.844E-03,-20.101E-03
-1.389600E+00,-18.844E-03,+18.844E-03
-1.386800E+00,-20.101E-03,-18.844E-03
-1.384000E+00,-60.302E-03,+119.347E-03
-1.381200E+00,-360.553E-03,+201.005E-03
-1.378400E+00,+219.849E-03,-20.101E-03
-1.375600E+00,-59.045E-03,+38.945E-03
-1.372800E+00,-20.101E-03,-20.101E-03
-1.370000E+00,+0.0E+00,+18.844E-03
-1.367200E+00,+0.0E+00,-18.844E-03
-1.364400E+00,+18.844E-03,+0.0E+00
-1.361600E+00,-38.945E-03,-18.844E-03
-1.358800E+00,-18.844E-03,-20.101E-03
-1.356000E+00,-20.101E-03,+18.844E-03
-1.353200E+00,-59.045E-03,+20.101E-03
-1.350400E+00,+18.844E-03,-20.101E-03
-1.347600E+00,-59.045E-03,+0.0E+00
-1.344800E+00,+38.945E-03,+40.201E-03
-1.342000E+00,-199.749E-03,+239.950E-03
-1.339200E+00,-119.347E-03,-300.251E-03
-1.336400E+00,+59.045E-03,+38.945E-03
-1.333600E+00,-38.945E-03,-18.844E-03
-1.330800E+00,+0.0E+00,+0.0E+00
-1.328000E+00,+0.0E+00,+20.101E-03
-1.325200E+00,-20.101E-03,-18.844E-03
-1.322400E+00,+0.0E+00,+0.0E+00
-1.319600E+00,-18.844E-03,+0.0E+00
-1.316800E+00,+18.844E-03,+0.0E+00
-1.314000E+00,-18.844E-03,+18.844E-03
-1.311200E+00,+18.844E-03,-38.945E-03
-1.308400E+00,+0.0E+00,+18.844E-03
-1.305600E+00,-60.302E-03,-18.844E-03
-1.302800E+00,+119.347E-03,+139.447E-03
-1.300000E+00,-300.251E-03,+219.849E-03
-1.297200E+00,+18.844E-03,-139.447E-03
-1.294400E+00,+0.0E+00,+18.844E-03
-1.291600E+00,+0.0E+00,-38.945E-03
-1.288800E+00,+0.0E+00,+0.0E+00
-1.286000E+00,-38.945E-03,-18.844E-03
-1.283200E+00,-20.101E-03,+0.0E+00
-1.280400E+00,+0.0E+00,+0.0E+00
-1.277600E+00,+0.0E+00,+0.0E+00
-1.274800E+00,-18.844E-03,+0.0E+00
-1.272000E+00,-18.844E-03,-18.844E-03
-1.269200E+00,+0.0E+00,-20.101E-03
-1.266400E+00,-18.844E-03,-20.101E-03
-1.263600E+00,+139.447E-03,-20.101E-03
-1.260800E+00,+119.347E-03,+340.452E-03
-1.258000E+00,-159.548E-03,+20.101E-03
-1.255200E+00,+18.844E-03,-38.945E-03
-1.252400E+00,-38.945E-03,+0.0E+00
-1.249600E+00,+0.0E+00,-18.844E-03
-1.246800E+00,-18.844E-03,+18.844E-03
-1.244000E+00,-20.101E-03,-18.844E-03
-1.241200E+00,+0.0E+00,+0.0E+00
-1.238400E+00,-38.945E-03,+0.0E+00
-1.235600E+00,+0.0E+00,+0.0E+00
-1.232800E+00,+18.844E-03,+0.0E+00
-1.230000E+00,+0.0E+00,-38.945E-03
-1.227200E+00,+18.844E-03,-20.101E-03
-1.224400E+00,-99.246E-03,-18.844E-03
-1.221600E+00,+280.151E-03,+119.347E-03
-1.218800E+00,+139.447E-03,+139.447E-03
-1.216000E+00,+0.0E+00,-59.045E-03
-1.213200E+00,+0.0E+00,+0.0E+00
-1.210400E+00,+0.0E+00,-38.945E-03
-1.207600E+00,+0.0E+00,-20.101E-03
-1.204800E+00,-38.945E-03,+0.0E+00
-1.202000E+00,+0.0E+00,+0.0E+00
-1.199200E+00,+0.0E+00,+0.0E+00
-1.196400E+00,+0.0E+00,-18.844E-03
-1.193600E+00,+18.844E-03,+0.0E+00
-1.190800E+00,-18.844E-03,+0.0E+00
-1.188000E+00,+0.0E+00,-38.945E-03
-1.185200E+00,+0.0E+00,+59.045E-03
-1.182400E+00,+59.045E-03,-219.849E-03
-1.179600E+00,+159.548E-03,+260.050E-03
-1.176800E+00,-18.844E-03,+79.146E-03
-1.174000E+00,-20.101E-03,-38.945E-03
-1.171200E+00,-18.844E-03,+0.0E+00
-1.168400E+00,-20.101E-03,-18.844E-03
-1.165600E+00,+0.0E+00,-18.844E-03
-1.162800E+00,-18.844E-03,-18.844E-03
-1.160000E+00,-20.101E-03,-18.844E-03
-1.157200E+00,-20.101E-03,+18.844E-03
-1.154400E+00,-20.101E-03,-38.945E-03
-1.151600E+00,-20.101E-03,+18.844E-03
-1.148800E+00,-18.844E-03,+20.101E-03
-1.146000E+00,+0.0E+00,+38.945E-03
-1.143200E+00,-139.447E-03,-99.246E-03
-1.140400E+00,+59.045E-03,-340.452E-03
-1.137600E+00,+79.146E-03,+79.146E-03
-1.134800E+00,-20.101E-03,+20.101E-03
-1.132000E+00,+0.0E+00,+0.0E+00
-1.129200E+00,-18.844E-03,-38.945E-03
-1.126400E+00,+18.844E-03,+0.0E+00
-1.123600E+00,-18.844E-03,-20.101E-03
-1.120800E+00,-20.101E-03,+0.0E+00
-1.118000E+00,+0.0E+00,+0.0E+00
-1.115200E+00,+0.0E+00,+0.0E+00
-1.112400E+00,+0.0E+00,+0.0E+00
-1.109600E+00,-18.844E-03,+18.844E-03
-1.106800E+00,-20.101E-03,-38.945E-03
-1.104000E+00,+100.503E-03,+38.945E-03
-1.101200E+00,-99.246E-03,-320.352E-03
-1.098400E+00,+18.844E-03,-179.648E-03
-1.095600E+00,+0.0E+00,+18.844E-03
-1.092800E+00,-20.101E-03,-38.945E-03
-1.090000E+00,-18.844E-03,+18.844E-03
-1.087200E+00,+0.0E+00,-18.844E-03
-1.084400E+00,-18.844E-03,+0.0E+00
-1.081600E+00,-20.101E-03,-18.844E-03
-1.078800E+00,-20.101E-03,+0.0E+00
-1.076000E+00,+18.844E-03,+0.0E+00
-1.073200E+00,-38.945E-03,-18.844E-03
-1.070400E+00,+18.844E-03,+0.0E+00
-1.067600E+00,-38.945E-03,+0.0E+00
-1.064800E+00,+18.844E-03,-60.302E-03
-1.062000E+00,-139.447E-03,+219.849E-03
-1.059200E+00,+139.447E-03,-239.950E-03
-1.056400E+00,+59.045E-03,+0.0E+00
-1.053600E+00,-38.945E-03,+0.0E+00
-1.050800E+00,+18.844E-03,-18.844E-03
-1.048000E+00,+0.0E+00,+0.0E+00
-1.045200E+00,+0.0E+00,-18.844E-03
-1.042400E+00,+0.0E+00,+18.844E-03
-1.039600E+00,-18.844E-03,+0.0E+00
-1.036800E+00,-20.101E-03,-20.101E-03
-1.034000E+00,-18.844E-03,+0.0E+00
-1.031200E+00,+0.0E+00,-18.844E-03
-1.028400E+00,+0.0E+00,+18.844E-03
-1.025600E+00,-20.101E-03,-59.045E-03
-1.022800E+00,+139.447E-03,+119.347E-03
-1.020000E+00,-280.151E-03,+120.603E-03
-1.017200E+00,+99.246E-03,-40.201E-03
-1.014400E+00,-18.844E-03,+18.844E-03
-1.011600E+00,+0.0E+00,-18.844E-03
-1.008800E+00,-18.844E-03,+18.844E-03
-1.006000E+00,-38.945E-03,+0.0E+00
-1.003200E+00,-20.101E-03,+0.0E+00
-1.000400E+00,-18.844E-03,-20.101E-03
-997.600E-03,+0.0E+00,+0.0E+00
-994.800E-03,+18.844E-03,+0.0E+00
-992.000E-03,-38.945E-03,+0.0E+00
-989.200E-03,+0.0E+00,-20.101E-03
-986.400E-03,+0.0E+00,+18.844E-03
-983.600E-03,+99.246E-03,-59.045E-03
-980.800E-03,+280.151E-03,+38.945E-03
-978.000E-03,-179.648E-03,-59.045E-03
-975.200E-03,+0.0E+00,-20.101E-03
-972.400E-03,-18.844E-03,+0.0E+00
-969.600E-03,+18.844E-03,+0.0E+00
-966.800E-03,-20.101E-03,+0.0E+00
-964.000E-03,-20.101E-03,-38.945E-03
-961.200E-03,+0.0E+00,+0.0E+00
-958.400E-03,-20.101E-03,+0.0E+00
-955.600E-03,-20.101E-03,+0.0E+00
-952.800E-03,-18.844E-03,+20.101E-03
-950.000E-03,-20.101E-03,-38.945E-03
-947.200E-03,+0.0E+00,+0.0E+00
-944.400E-03,-99.246E-03,-38.945E-03
-941.600E-03,+260.050E-03,-38.945E-03
-938.800E-03,+0.0E+00,+199.749E-03
-936.000E-03,+18.844E-03,-38.945E-03
-933.200E-03,+0.0E+00,+18.844E-03
-930.400E-03,-20.101E-03,-38.945E-03
-927.600E-03,-20.101E-03,+18.844E-03
-924.800E-03,-38.945E-03,+0.0E+00
-922.000E-03,+0.0E+00,-18.844E-03
-919.200E-03,+0.0E+00,+0.0E+00
-916.400E-03,-38.945E-03,+0.0E+00
-913.600E-03,+18.844E-03,-20.101E-03
-910.800E-03,-38.945E-03,+0.0E+00
-908.000E-03,+0.0E+00,-18.844E-03
-905.200E-03,-79.146E-03,+0.0E+00
-902.400E-03,-139.447E-03,-159.548E-03
-899.600E-03,+38.945E-03,+260.050E-03
-896.800E-03,-79.146E-03,+38.945E-03
-894.000E-03,+18.844E-03,-20.101E-03
-891.200E-03,-38.945E-03,+18.844E-03
-888.400E-03,+0.0E+00,+0.0E+00
-885.600E-03,-20.101E-03,+0.0E+00
-882.800E-03,+0.0E+00,+0.0E+00
-880.000E-03,+0.0E+00,+0.0E+00
-877.200E-03,+0.0E+00,+0.0E+00
-874.400E-03,-18.844E-03,-18.844E-03
-871.600E-03,+0.0E+00,+0.0E+00
-868.800E-03,+0.0E+00,+0.0E+00
-866.000E-03,+18.844E-03,+18.844E-03
-863.200E-03,-139.447E-03,-40.201E-03
-860.400E-03,+280.151E-03,-59.045E-03
-857.600E-03,+79.146E-03,+79.146E-03
-854.800E-03,-38.945E-03,-18.844E-03
-852.000E-03,+0.0E+00,+18.844E-03
-849.200E-03,-38.945E-03,-18.844E-03
-846.400E-03,+0.0E+00,-18.844E-03
-843.600E-03,-20.101E-03,-18.844E-03
-840.800E-03,-18.844E-03,+0.0E+00
-838.000E-03,-18.844E-03,+0.0E+00
-835.200E-03,+0.0E+00,-18.844E-03
-832.400E-03,+0.0E+00,-38.945E-03
-829.600E-03,-18.844E-03,+38.945E-03
-826.800E-03,+0.0E+00,-40.201E-03
-824.000E-03,-38.945E-03,+79.146E-03
-821.200E-03,-40.201E-03,-280.151E-03
-818.400E-03,+139.447E-03,+99.246E-03
-815.600E-03,+20.101E-03,+18.844E-03
-812.800E-03,-20.101E-03,-18.844E-03
-810.000E-03,+0.0E+00,+0.0E+00
-807.200E-03,+0.0E+00,-38.945E-03
-804.400E-03,+0.0E+00,+0.0E+00
-801.600E-03,-18.844E-03,-18.844E-03
-798.800E-03,-18.844E-03,+0.0E+00
-796.000E-03,-18.844E-03,+0.0E+00
-793.200E-03,+0.0E+00,-38.945E-03
-790.400E-03,+0.0E+00,+0.0E+00
-787.600E-03,-18.844E-03,+0.0E+00
-784.800E-03,+59.045E-03,-38.945E-03
-782.000E-03,-219.849E-03,+18.844E-03
-779.200E-03,-219.849E-03,-38.945E-03
-776.400E-03,+38.945E-03,+18.844E-03
-773.600E-03,-38.945E-03,+20.101E-03
-770.800E-03,+0.0E+00,-20.101E-03
-768.000E-03,-38.945E-03,+0.0E+00
-765.200E-03,-20.101E-03,+0.0E+00
-762.400E-03,-20.101E-03,+0.0E+00
-759.600E-03,-20.101E-03,+0.0E+00
-756.800E-03,+0.0E+00,-18.844E-03
-754.000E-03,-38.945E-03,+0.0E+00
-751.200E-03,+0.0E+00,-38.945E-03
-748.400E-03,+0.0E+00,+38.945E-03
-745.600E-03,-20.101E-03,-38.945E-03
-742.800E-03,+119.347E-03,-59.045E-03
-740.000E-03,-260.050E-03,-20.101E-03
-737.200E-03,+18.844E-03,-99.246E-03
-734.400E-03,+0.0E+00,+0.0E+00
-731.600E-03,+0.0E+00,-18.844E-03
-728.800E-03,+0.0E+00,+18.844E-03
-726.000E-03,-18.844E-03,+0.0E+00
-723.200E-03,-20.101E-03,+0.0E+00
-720.400E-03,-18.844E-03,+0.0E+00
-717.600E-03,+0.0E+00,+0.0E+00
-714.800E-03,-18.844E-03,+0.0E+00
-712.000E-03,-38.945E-03,-18.844E-03
-709.200E-03,+0.0E+00,-20.101E-03
-706.400E-03,-38.945E-03,+18.844E-03
-703.600E-03,+59.045E-03,-99.246E-03
-700.800E-03,+60.302E-03,+239.950E-03
-698.000E-03,-139.447E-03,-18.844E-03
-695.200E-03,+18.844E-03,+0.0E+00
-692.400E-03,-18.844E-03,+0.0E+00
-689.600E-03,+0.0E+00,-18.844E-03
-686.800E-03,-18.844E-03,+18.844E-03
-684.000E-03,-20.101E-03,+0.0E+00
-681.200E-03,-20.101E-03,+0.0E+00
-678.400E-03,+0.0E+00,+18.844E-03
-675.600E-03,+0.0E+00,+0.0E+00
-672.800E-03,-18.844E-03,+0.0E+00
-670.000E-03,+0.0E+00,-38.945E-03
-667.200E-03,+0.0E+00,+18.844E-03
-664.400E-03,-79.146E-03,+38.945E-03
-661.600E-03,+199.749E-03,+79.146E-03
-658.800E-03,+20.101E-03,+159.548E-03
-656.000E-03,-20.101E-03,-59.045E-03
-653.200E-03,+0.0E+00,+18.844E-03
-650.400E-03,-38.945E-03,+0.0E+00
-647.600E-03,+0.0E+00,+0.0E+00
-644.800E-03,-18.844E-03,+0.0E+00
-642.000E-03,+0.0E+00,-18.844E-03
-639.200E-03,-20.101E-03,-18.844E-03
-636.400E-03,-18.844E-03,-18.844E-03
-633.600E-03,+0.0E+00,+0.0E+00
-630.800E-03,-38.945E-03,+18.844E-03
-628.000E-03,+0.0E+00,+0.0E+00
-625.200E-03,-18.844E-03,+38.945E-03
-622.400E-03,-80.402E-03,-159.548E-03
-619.600E-03,+219.849E-03,+38.945E-03
-616.800E-03,-79.146E-03,+0.0E+00
-614.000E-03,+0.0E+00,+0.0E+00
-611.200E-03,-18.844E-03,-18.844E-03
-608.400E-03,-20.101E-03,+0.0E+00
-605.600E-03,+0.0E+00,+0.0E+00
-602.800E-03,+0.0E+00,-18.844E-03
-600.000E-03,-18.844E-03,+18.844E-03
-597.200E-03,-20.101E-03,+0.0E+00
-594.400E-03,+0.0E+00,+0.0E+00
-591.600E-03,+0.0E+00,+0.0E+00
-588.800E-03,-38.945E-03,+0.0E+00
-586.000E-03,+0.0E+00,+18.844E-03
-583.200E-03,-99.246E-03,-79.146E-03
-580.400E-03,+18.844E-03,-239.950E-03
-577.600E-03,+79.146E-03,+0.0E+00
-574.800E-03,-38.945E-03,+0.0E+00
-572.000E-03,+0.0E+00,-38.945E-03
-569.200E-03,-38.945E-03,+0.0E+00
-566.400E-03,+0.0E+00,+0.0E+00
-563.600E-03,-20.101E-03,-18.844E-03
-560.800E-03,+0.0E+00,-18.844E-03
-558.000E-03,+0.0E+00,+0.0E+00
-555.200E-03,+0.0E+00,+0.0E+00
-552.400E-03,+18.844E-03,-18.844E-03
-549.600E-03,-20.101E-03,+0.0E+00
-546.800E-03,+0.0E+00,-20.101E-03
-544.000E-03,+38.945E-03,+59.045E-03
-541.200E-03,-38.945E-03,-219.849E-03
-538.400E-03,+79.146E-03,-120.603E-03
-535.600E-03,+0.0E+00,+18.844E-03
-532.800E-03,+0.0E+00,-18.844E-03
-530.000E-03,+0.0E+00,+0.0E+00
-527.200E-03,-18.844E-03,+0.0E+00
-524.400E-03,+0.0E+00,+0.0E+00
-521.600E-03,-18.844E-03,-18.844E-03
-518.800E-03,-20.101E-03,+0.0E+00
-516.000E-03,+0.0E+00,+0.0E+00
-513.200E-03,-38.945E-03,+0.0E+00
-510.400E-03,+0.0E+00,+0.0E+00
-507.600E-03,-18.844E-03,-18.844E-03
-504.800E-03,+38.945E-03,+0.0E+00
-502.000E-03,+100.503E-03,+139.447E-03
-499.200E-03,-99.246E-03,-159.548E-03
-496.400E-03,+0.0E+00,+59.045E-03
-493.600E-03,-18.844E-03,-18.844E-03
-490.800E-03,+0.0E+00,+0.0E+00
-488.000E-03,+0.0E+00,+0.0E+00
-485.200E-03,-18.844E-03,-18.844E-03
-482.400E-03,+0.0E+00,+0.0E+00
-479.600E-03,+0.0E+00,+0.0E+00
-476.800E-03,-20.101E-03,-18.844E-03
-474.000E-03,-18.844E-03,+18.844E-03
-471.200E-03,-20.101E-03,-18.844E-03
-468.400E-03,-18.844E-03,+0.0E+00
-465.600E-03,-18.844E-03,-59.045E-03
-462.800E-03,+100.503E-03,+79.146E-03
-460.000E-03,-119.347E-03,+180.905E-03
-457.200E-03,+18.844E-03,-59.045E-03
-454.400E-03,-20.101E-03,+18.844E-03
-451.600E-03,-38.945E-03,-18.844E-03
-448.800E-03,+18.844E-03,+0.0E+00
-446.000E-03,-18.844E-03,+18.844E-03
-443.200E-03,-20.101E-03,+18.844E-03
-440.400E-03,-38.945E-03,-18.844E-03
-437.600E-03,-38.945E-03,+0.0E+00
-434.800E-03,-20.101E-03,+18.844E-03
-432.000E-03,-38.945E-03,+20.101E-03
-429.200E-03,+0.0E+00,+0.0E+00
-426.400E-03,-38.945E-03,-20.101E-03
-423.600E-03,+59.045E-03,+0.0E+00
-420.800E-03,-179.648E-03,+119.347E-03
-418.000E-03,-80.402E-03,-99.246E-03
-415.200E-03,+0.0E+00,-20.101E-03
-412.400E-03,-18.844E-03,+0.0E+00
-409.600E-03,+0.0E+00,+0.0E+00
-406.800E-03,+0.0E+00,+0.0E+00
-404.000E-03,+0.0E+00,+0.0E+00
-401.200E-03,-38.945E-03,+0.0E+00
-398.400E-03,-18.844E-03,+20.101E-03
-395.600E-03,+0.0E+00,+0.0E+00
-392.800E-03,+0.0E+00,+18.844E-03
-390.000E-03,-38.945E-03,+0.0E+00
-387.200E-03,+18.844E-03,+0.0E+00
-384.400E-03,-59.045E-03,+0.0E+00
-381.600E-03,+159.548E-03,+38.945E-03
-378.800E-03,+40.201E-03,+119.347E-03
-376.000E-03,-18.844E-03,-18.844E-03
-373.200E-03,+0.0E+00,+0.0E+00
-370.400E-03,-38.945E-03,-38.945E-03
-367.600E-03,+0.0E+00,-18.844E-03
-364.800E-03,-20.101E-03,+0.0E+00
-362.000E-03,-20.101E-03,+0.0E+00
-359.200E-03,-20.101E-03,+0.0E+00
-356.400E-03,+0.0E+00,-18.844E-03
-353.600E-03,+0.0E+00,+0.0E+00
-350.800E-03,-18.844E-03,+0.0E+00
-348.000E-03,+0.0E+00,-38.945E-03
-345.200E-03,-18.844E-03,+20.101E-03
-342.400E-03,+0.0E+00,-139.447E-03
-339.600E-03,+119.347E-03,-120.603E-03
-336.800E-03,-18.844E-03,+59.045E-03
-334.000E-03,-20.101E-03,+0.0E+00
-331.200E-03,-18.844E-03,+0.0E+00
-328.400E-03,-20.101E-03,-18.844E-03
-325.600E-03,-20.101E-03,+0.0E+00
-322.800E-03,+0.0E+00,-18.844E-03
-320.000E-03,-20.101E-03,+0.0E+00
-317.200E-03,-18.844E-03,+0.0E+00
-314.400E-03,-20.101E-03,+0.0E+00
-311.600E-03,+0.0E+00,+0.0E+00
-308.800E-03,-18.844E-03,+0.0E+00
-306.000E-03,+18.844E-03,-20.101E-03
-303.200E-03,-99.246E-03,+60.302E-03
-300.400E-03,+0.0E+00,-219.849E-03
-297.600E-03,+0.0E+00,+79.146E-03
-294.800E-03,-38.945E-03,+0.0E+00
-292.000E-03,+0.0E+00,+0.0E+00
-289.200E-03,-20.101E-03,+0.0E+00
-286.400E-03,-20.101E-03,-20.101E-03
-283.600E-03,+0.0E+00,+0.0E+00
-280.800E-03,-20.101E-03,-18.844E-03
-278.000E-03,-20.101E-03,+0.0E+00
-275.200E-03,-18.844E-03,-18.844E-03
-272.400E-03,+0.0E+00,-18.844E-03
-269.600E-03,-38.945E-03,+0.0E+00
-266.800E-03,-20.101E-03,-38.945E-03
-264.000E-03,+18.844E-03,+59.045E-03
-261.200E-03,-59.045E-03,-179.648E-03
-258.400E-03,+99.246E-03,-60.302E-03
-255.600E-03,-18.844E-03,+18.844E-03
-252.800E-03,+18.844E-03,+0.0E+00
-250.000E-03,+0.0E+00,+0.0E+00
-247.200E-03,-20.101E-03,-18.844E-03
-244.400E-03,-18.844E-03,-20.101E-03
-241.600E-03,+0.0E+00,-18.844E-03
-238.800E-03,-18.844E-03,+0.0E+00
-236.000E-03,-20.101E-03,+0.0E+00
-233.200E-03,+0.0E+00,-18.844E-03
-230.400E-03,+0.0E+00,-20.101E-03
-227.600E-03,-18.844E-03,+0.0E+00
-224.800E-03,+18.844E-03,+18.844E-03
-222.000E-03,-159.548E-03,-40.201E-03
-219.200E-03,-40.201E-03,-159.548E-03
-216.400E-03,+38.945E-03,-20.101E-03
-213.600E-03,-20.101E-03,+0.0E+00
-210.800E-03,-20.101E-03,+0.0E+00
-208.000E-03,-38.945E-03,+0.0E+00
-205.200E-03,+0.0E+00,-20.101E-03
-202.400E-03,-20.101E-03,-18.844E-03
-199.600E-03,-20.101E-03,+18.844E-03
-196.800E-03,-18.844E-03,+0.0E+00
-194.000E-03,-38.945E-03,+0.0E+00
-191.200E-03,+0.0E+00,+0.0E+00
-188.400E-03,+0.0E+00,+0.0E+00
-185.600E-03,-18.844E-03,-38.945E-03
-182.800E-03,+79.146E-03,+18.844E-03
-180.000E-03,-38.945E-03,+159.548E-03
-177.200E-03,-20.101E-03,-38.945E-03
-174.400E-03,-18.844E-03,+0.0E+00
-171.600E-03,+0.0E+00,-18.844E-03
-168.800E-03,+0.0E+00,+18.844E-03
-166.000E-03,+0.0E+00,+0.0E+00
-163.200E-03,-18.844E-03,-20.101E-03
-160.400E-03,+0.0E+00,-20.101E-03
-157.600E-03,+0.0E+00,-18.844E-03
-154.800E-03,-18.844E-03,-20.101E-03
-152.000E-03,-18.844E-03,+0.0E+00
-149.200E-03,-20.101E-03,+0.0E+00
-146.400E-03,-18.844E-03,+0.0E+00
-143.600E-03,+18.844E-03,-79.146E-03
-140.800E-03,+79.146E-03,+139.447E-03
-138.000E-03,-79.146E-03,-79.146E-03
-135.200E-03,-20.101E-03,+0.0E+00
-132.400E-03,-18.844E-03,+0.0E+00
-129.600E-03,-20.101E-03,+0.0E+00
-126.800E-03,-20.101E-03,+18.844E-03
-124.000E-03,-18.844E-03,+0.0E+00
-121.200E-03,-18.844E-03,-20.101E-03
-118.400E-03,-20.101E-03,+0.0E+00
-115.600E-03,-20.101E-03,-18.844E-03
-112.800E-03,-18.844E-03,+0.0E+00
-110.000E-03,-38.945E-03,-18.844E-03
-107.200E-03,-18.844E-03,+0.0E+00
-104.400E-03,-40.201E-03,-38.945E-03
-101.600E-03,+119.347E-03,+79.146E-03
-98.800E-03,-79.146E-03,+99.246E-03
-96.000E-03,+38.945E-03,-38.945E-03
-93.200E-03,-18.844E-03,+0.0E+00
-90.400E-03,+0.0E+00,-18.844E-03
-87.600E-03,+0.0E+00,+0.0E+00
-84.800E-03,-18.844E-03,+0.0E+00
-82.000E-03,-18.844E-03,+0.0E+00
-79.200E-03,-20.101E-03,+0.0E+00
-76.400E-03,+0.0E+00,-18.844E-03
-73.600E-03,+0.0E+00,+0.0E+00
-70.800E-03,-38.945E-03,+0.0E+00
-68.000E-03,-18.844E-03,-18.844E-03
-65.200E-03,-38.945E-03,+18.844E-03
-62.400E-03,+59.045E-03,-99.246E-03
-59.600E-03,+18.844E-03,+139.447E-03
-56.800E-03,-59.045E-03,+18.844E-03
-54.000E-03,+0.0E+00,-20.101E-03
-51.200E-03,-38.945E-03,+0.0E+00
-48.400E-03,-20.101E-03,-18.844E-03
-45.600E-03,-18.844E-03,+0.0E+00
-42.800E-03,-20.101E-03,+0.0E+00
-40.000E-03,-20.101E-03,+0.0E+00
-37.200E-03,+0.0E+00,+18.844E-03
-34.400E-03,-38.945E-03,-18.844E-03
-31.600E-03,-18.844E-03,+0.0E+00
-28.800E-03,-18.844E-03,+0.0E+00
-26.000E-03,+0.0E+00,+18.844E-03
-23.200E-03,-99.246E-03,-18.844E-03
-20.400E-03,+79.146E-03,-139.447E-03
-17.600E-03,+59.045E-03,+0.0E+00
-14.800E-03,+0.0E+00,-38.945E-03
-12.000E-03,+0.0E+00,-18.844E-03
-9.200E-03,-18.844E-03,+0.0E+00
-6.400E-03,-20.101E-03,-18.844E-03
-3.600E-03,-18.844E-03,+0.0E+00
-800E-06,-18.844E-03,-20.101E-03
+2.000E-03,+18.844E-03,+0.0E+00
+4.800E-03,-20.101E-03,+0.0E+00
+7.600E-03,+0.0E+00,+0.0E+00
+10.400E-03,-18.844E-03,+18.844E-03
+13.200E-03,+0.0E+00,-38.945E-03
+16.000E-03,+18.844E-03,+38.945E-03
+18.800E-03,-159.548E-03,-18.844E-03
+21.600E-03,+79.146E-03,+38.945E-03
+24.400E-03,-18.844E-03,+18.844E-03
+27.200E-03,+0.0E+00,-20.101E-03
+30.000E-03,+0.0E+00,+0.0E+00
+32.800E-03,+0.0E+00,+0.0E+00
+35.600E-03,+0.0E+00,+0.0E+00
+38.400E-03,+0.0E+00,-18.844E-03
+41.200E-03,-20.101E-03,+0.0E+00
+44.000E-03,-20.101E-03,+0.0E+00
+46.800E-03,-20.101E-03,-20.101E-03
+49.600E-03,+0.0E+00,-20.101E-03
+52.400E-03,-18.844E-03,-18.844E-03
+55.200E-03,+0.0E+00,-38.945E-03
+58.000E-03,-79.146E-03,+79.146E-03
+60.800E-03,+59.045E-03,-139.447E-03
+63.600E-03,+18.844E-03,-20.101E-03
+66.400E-03,-38.945E-03,-18.844E-03
+69.200E-03,+0.0E+00,+0.0E+00
+72.000E-03,-18.844E-03,+18.844E-03
+74.800E-03,+0.0E+00,-18.844E-03
+77.600E-03,-20.101E-03,+0.0E+00
+80.400E-03,-18.844E-03,+0.0E+00
+83.200E-03,-20.101E-03,-20.101E-03
+86.000E-03,+0.0E+00,+0.0E+00
+88.800E-03,+0.0E+00,-38.945E-03
+91.600E-03,+0.0E+00,+18.844E-03
+94.400E-03,-18.844E-03,-38.945E-03
+97.200E-03,+38.945E-03,+59.045E-03
+100.000E-03,-159.548E-03,+0.0E+00
+102.800E-03,+0.0E+00,-59.045E-03
+105.600E-03,+0.0E+00,+0.0E+00
+108.400E-03,-20.101E-03,+0.0E+00
+111.200E-03,+0.0E+00,+0.0E+00
+114.000E-03,-18.844E-03,-18.844E-03
+116.800E-03,-18.844E-03,-20.101E-03
+119.600E-03,+0.0E+00,+0.0E+00
+122.400E-03,-18.844E-03,+0.0E+00
+125.200E-03,-20.101E-03,-20.101E-03
+128.000E-03,-18.844E-03,-20.101E-03
+130.800E-03,+0.0E+00,-20.101E-03
+133.600E-03,-38.945E-03,-18.844E-03
+136.400E-03,+0.0E+00,-59.045E-03
+139.200E-03,-59.045E-03,+119.347E-03
+142.000E-03,-59.045E-03,+40.201E-03
+144.800E-03,-20.101E-03,-18.844E-03
+147.600E-03,-38.945E-03,+0.0E+00
+150.400E-03,+0.0E+00,-18.844E-03
+153.200E-03,-18.844E-03,-18.844E-03
+156.000E-03,-18.844E-03,+0.0E+00
+158.800E-03,-20.101E-03,+0.0E+00
+161.600E-03,-20.101E-03,+0.0E+00
+164.400E-03,-20.101E-03,+0.0E+00
+167.200E-03,-18.844E-03,+18.844E-03
+170.000E-03,-38.945E-03,+0.0E+00
+172.800E-03,+0.0E+00,+0.0E+00
+175.600E-03,-59.045E-03,+20.101E-03
+178.400E-03,+119.347E-03,-20.101E-03
+181.200E-03,-99.246E-03,+38.945E-03
+184.000E-03,-18.844E-03,-38.945E-03
+186.800E-03,+0.0E+00,+18.844E-03
+189.600E-03,-40.201E-03,-18.844E-03
+192.400E-03,+0.0E+00,-18.844E-03
+195.200E-03,+0.0E+00,+0.0E+00
+198.000E-03,-18.844E-03,-18.844E-03
+200.800E-03,+0.0E+00,+0.0E+00
+203.600E-03,-20.101E-03,-18.844E-03
+206.400E-03,+0.0E+00,-18.844E-03
+209.200E-03,-18.844E-03,+0.0E+00
+212.000E-03,-38.945E-03,+0.0E+00
+214.800E-03,-18.844E-03,+18.844E-03
+217.600E-03,-119.347E-03,-38.945E-03
+220.400E-03,+79.146E-03,+79.146E-03
+223.200E-03,-59.045E-03,+18.844E-03
+226.000E-03,+0.0E+00,-18.844E-03
+228.800E-03,+0.0E+00,+18.844E-03
+231.600E-03,-20.101E-03,-18.844E-03
+234.400E-03,-20.101E-03,+0.0E+00
+237.200E-03,-18.844E-03,-18.844E-03
+240.000E-03,+0.0E+00,-18.844E-03
+242.800E-03,-18.844E-03,-18.844E-03
+245.600E-03,+0.0E+00,-38.945E-03
+248.400E-03,-18.844E-03,+0.0E+00
+251.200E-03,-18.844E-03,+0.0E+00
+254.000E-03,+0.0E+00,+0.0E+00
+256.800E-03,-99.246E-03,-38.945E-03
+259.600E-03,+119.347E-03,-80.402E-03
+262.400E-03,+18.844E-03,+18.844E-03
+265.200E-03,-40.201E-03,+0.0E+00
+268.000E-03,+0.0E+00,+18.844E-03
+270.800E-03,-20.101E-03,-20.101E-03
+273.600E-03,-20.101E-03,+0.0E+00
+276.400E-03,-20.101E-03,+0.0E+00
+279.200E-03,-20.101E-03,+0.0E+00
+282.000E-03,+0.0E+00,+0.0E+00
+284.800E-03,-20.101E-03,+0.0E+00
+287.600E-03,+0.0E+00,+0.0E+00
+290.400E-03,-18.844E-03,+0.0E+00
+293.200E-03,-20.101E-03,-20.101E-03
+296.000E-03,+38.945E-03,+38.945E-03
+298.800E-03,-79.146E-03,-99.246E-03
+301.600E-03,+18.844E-03,-60.302E-03
+304.400E-03,-38.945E-03,+18.844E-03
+307.200E-03,-18.844E-03,-20.101E-03
+310.000E-03,-20.101E-03,+18.844E-03
+312.800E-03,-20.101E-03,+0.0E+00
+315.600E-03,-20.101E-03,+0.0E+00
+318.400E-03,-20.101E-03,+18.844E-03
+321.200E-03,-20.101E-03,+0.0E+00
+324.000E-03,-18.844E-03,+0.0E+00
+326.800E-03,-20.101E-03,+0.0E+00
+329.600E-03,+0.0E+00,+18.844E-03
+332.400E-03,-18.844E-03,+0.0E+00
+335.200E-03,+0.0E+00,-38.945E-03
+338.000E-03,-38.945E-03,+99.246E-03
+340.800E-03,-119.347E-03,-59.045E-03
+343.600E-03,+18.844E-03,-40.201E-03
+346.400E-03,-18.844E-03,+0.0E+00
+349.200E-03,+0.0E+00,-18.844E-03
+352.000E-03,-18.844E-03,+0.0E+00
+354.800E-03,+0.0E+00,+0.0E+00
+357.600E-03,+0.0E+00,-18.844E-03
+360.400E-03,-18.844E-03,+0.0E+00
+363.200E-03,-20.101E-03,-20.101E-03
+366.000E-03,-18.844E-03,-18.844E-03
+368.800E-03,+0.0E+00,+0.0E+00
+371.600E-03,+0.0E+00,+0.0E+00
+374.400E-03,-18.844E-03,-18.844E-03
+377.200E-03,+18.844E-03,+59.045E-03
+380.000E-03,-119.347E-03,-79.146E-03
+382.800E-03,-40.201E-03,-38.945E-03
+385.600E-03,-20.101E-03,+18.844E-03
+388.400E-03,-20.101E-03,-18.844E-03
+391.200E-03,+0.0E+00,+0.0E+00
+394.000E-03,-20.101E-03,+0.0E+00
+396.800E-03,-18.844E-03,+0.0E+00
+399.600E-03,+0.0E+00,+18.844E-03
+402.400E-03,-18.844E-03,-18.844E-03
+405.200E-03,+0.0E+00,+0.0E+00
+408.000E-03,-18.844E-03,-18.844E-03
+410.800E-03,-20.101E-03,+0.0E+00
+413.600E-03,-18.844E-03,+0.0E+00
+416.400E-03,+38.945E-03,-18.844E-03
+419.200E-03,+60.302E-03,+79.146E-03
+422.000E-03,-59.045E-03,+20.101E-03
+424.800E-03,+0.0E+00,+0.0E+00
+427.600E-03,-20.101E-03,+0.0E+00
+430.400E-03,+0.0E+00,-18.844E-03
+433.200E-03,-18.844E-03,+0.0E+00
+436.000E-03,-18.844E-03,+0.0E+00
+438.800E-03,-18.844E-03,-18.844E-03
+441.600E-03,+0.0E+00,+0.0E+00
+444.400E-03,+0.0E+00,-18.844E-03
+447.200E-03,+0.0E+00,+0.0E+00
+450.000E-03,-20.101E-03,-18.844E-03
+452.800E-03,+0.0E+00,+18.844E-03
+455.600E-03,-38.945E-03,-18.844E-03
+458.400E-03,+119.347E-03,-40.201E-03
+461.200E-03,+40.201E-03,+79.146E-03
+464.000E-03,+0.0E+00,-38.945E-03
+466.800E-03,+0.0E+00,+0.0E+00
+469.600E-03,-20.101E-03,-18.844E-03
+472.400E-03,+0.0E+00,+0.0E+00
+475.200E-03,+0.0E+00,-18.844E-03
+478.000E-03,-18.844E-03,+0.0E+00
+480.800E-03,+0.0E+00,-18.844E-03
+483.600E-03,+0.0E+00,+0.0E+00
+486.400E-03,+0.0E+00,+0.0E+00
+489.200E-03,-18.844E-03,-20.101E-03
+492.000E-03,+0.0E+00,+0.0E+00
+494.800E-03,-18.844E-03,+18.844E-03
+497.600E-03,+0.0E+00,-99.246E-03
+500.400E-03,+38.945E-03,+99.246E-03
+503.200E-03,-59.045E-03,-18.844E-03
+506.000E-03,+0.0E+00,+0.0E+00
+508.800E-03,-18.844E-03,+0.0E+00
+511.600E-03,-20.101E-03,+0.0E+00
+514.400E-03,+0.0E+00,-18.844E-03
+517.200E-03,+0.0E+00,+0.0E+00
+520.000E-03,-18.844E-03,+18.844E-03
+522.800E-03,-20.101E-03,+18.844E-03
+525.600E-03,-20.101E-03,+0.0E+00
+528.400E-03,+0.0E+00,+18.844E-03
+531.200E-03,-18.844E-03,+0.0E+00
+534.000E-03,+0.0E+00,-20.101E-03
+536.800E-03,-38.945E-03,-18.844E-03
+539.600E-03,-80.402E-03,-119.347E-03
+542.400E-03,+38.945E-03,+18.844E-03
+545.200E-03,+0.0E+00,-18.844E-03
+548.000E-03,+0.0E+00,+0.0E+00
+550.800E-03,-18.844E-03,+0.0E+00
+553.600E-03,+0.0E+00,+0.0E+00
+556.400E-03,-20.101E-03,+0.0E+00
+559.200E-03,-20.101E-03,+0.0E+00
+562.000E-03,+0.0E+00,-20.101E-03
+564.800E-03,-18.844E-03,+0.0E+00
+567.600E-03,-20.101E-03,+0.0E+00
+570.400E-03,-20.101E-03,+0.0E+00
+573.200E-03,+0.0E+00,+0.0E+00
+576.000E-03,+0.0E+00,+18.844E-03
+578.800E-03,-59.045E-03,-119.347E-03
+581.600E-03,+0.0E+00,-40.201E-03
+584.400E-03,-38.945E-03,+0.0E+00
+587.200E-03,+0.0E+00,-20.101E-03
+590.000E-03,+0.0E+00,+0.0E+00
+592.800E-03,+0.0E+00,+0.0E+00
+595.600E-03,-18.844E-03,+0.0E+00
+598.400E-03,-38.945E-03,-18.844E-03
+601.200E-03,+0.0E+00,+0.0E+00
+604.000E-03,-20.101E-03,-20.101E-03
+606.800E-03,+0.0E+00,+0.0E+00
+609.600E-03,+0.0E+00,-18.844E-03
+612.400E-03,-20.101E-03,+0.0E+00
+615.200E-03,+18.844E-03,+0.0E+00
+618.000E-03,-18.844E-03,+99.246E-03
+620.800E-03,+0.0E+00,-99.246E-03
+623.600E-03,+0.0E+00,+0.0E+00
+626.400E-03,-20.101E-03,+20.101E-03
+629.200E-03,+0.0E+00,+0.0E+00
+632.000E-03,-18.844E-03,+0.0E+00
+634.800E-03,+0.0E+00,+0.0E+00
+637.600E-03,+0.0E+00,-20.101E-03
+640.400E-03,-18.844E-03,+0.0E+00
+643.200E-03,-20.101E-03,-20.101E-03
+646.000E-03,-18.844E-03,+0.0E+00
+648.800E-03,-20.101E-03,-20.101E-03
+651.600E-03,+0.0E+00,+0.0E+00
+654.400E-03,-18.844E-03,-38.945E-03
+657.200E-03,+59.045E-03,+18.844E-03
+660.000E-03,-79.146E-03,-79.146E-03
+662.800E-03,+38.945E-03,-18.844E-03
+665.600E-03,+0.0E+00,+18.844E-03
+668.400E-03,+0.0E+00,-18.844E-03
+671.200E-03,-18.844E-03,-20.101E-03
+674.000E-03,-18.844E-03,-38.945E-03
+676.800E-03,+0.0E+00,-18.844E-03
+679.600E-03,+0.0E+00,-18.844E-03
+682.400E-03,+0.0E+00,+0.0E+00
+685.200E-03,-18.844E-03,+18.844E-03
+688.000E-03,-20.101E-03,+0.0E+00
+690.800E-03,+0.0E+00,+0.0E+00
+693.600E-03,+0.0E+00,+18.844E-03
+696.400E-03,+38.945E-03,+0.0E+00
+699.200E-03,+18.844E-03,+99.246E-03
+702.000E-03,-79.146E-03,-38.945E-03
+704.800E-03,+18.844E-03,-20.101E-03
+707.600E-03,-20.101E-03,+0.0E+00
+710.400E-03,+0.0E+00,+0.0E+00
+713.200E-03,-20.101E-03,+0.0E+00
+716.000E-03,-20.101E-03,+0.0E+00
+718.800E-03,-20.101E-03,-18.844E-03
+721.600E-03,-20.101E-03,-20.101E-03
+724.400E-03,-20.101E-03,+0.0E+00
+727.200E-03,-20.101E-03,-20.101E-03
+730.000E-03,+0.0E+00,+0.0E+00
+732.800E-03,-20.101E-03,-20.101E-03
+735.600E-03,-20.101E-03,-38.945E-03
+738.400E-03,+79.146E-03,-18.844E-03
+741.200E-03,-79.146E-03,+38.945E-03
+744.000E-03,-20.101E-03,-18.844E-03
+746.800E-03,+0.0E+00,+0.0E+00
+749.600E-03,-38.945E-03,+0.0E+00
+752.400E-03,-20.101E-03,+0.0E+00
+755.200E-03,-18.844E-03,+0.0E+00
+758.000E-03,-38.945E-03,+18.844E-03
+760.800E-03,+0.0E+00,-18.844E-03
+763.600E-03,-20.101E-03,-20.101E-03
+766.400E-03,-20.101E-03,+0.0E+00
+769.200E-03,+0.0E+00,+0.0E+00
+772.000E-03,-18.844E-03,-18.844E-03
+774.800E-03,-38.945E-03,+18.844E-03
+777.600E-03,-119.347E-03,-38.945E-03
+780.400E-03,+79.146E-03,-40.201E-03
+783.200E-03,-18.844E-03,+18.844E-03
+786.000E-03,+0.0E+00,-18.844E-03
+788.800E-03,-18.844E-03,+0.0E+00
+791.600E-03,-20.101E-03,-18.844E-03
+794.400E-03,+0.0E+00,+18.844E-03
+797.200E-03,-18.844E-03,+0.0E+00
+800.000E-03,+0.0E+00,+0.0E+00
+802.800E-03,+0.0E+00,+0.0E+00
+805.600E-03,+0.0E+00,+0.0E+00
+808.400E-03,-20.101E-03,+0.0E+00
+811.200E-03,-18.844E-03,+0.0E+00
+814.000E-03,+0.0E+00,+0.0E+00
+816.800E-03,-59.045E-03,+20.101E-03
+819.600E-03,+0.0E+00,-99.246E-03
+822.400E-03,-18.844E-03,+18.844E-03
+825.200E-03,+0.0E+00,+0.0E+00
+828.000E-03,+0.0E+00,-18.844E-03
+830.800E-03,-20.101E-03,+0.0E+00
+833.600E-03,-20.101E-03,+0.0E+00
+836.400E-03,+0.0E+00,+0.0E+00
+839.200E-03,-18.844E-03,-18.844E-03
+842.000E-03,+0.0E+00,+0.0E+00
+844.800E-03,-20.101E-03,+0.0E+00
+847.600E-03,-20.101E-03,-18.844E-03
+850.400E-03,-18.844E-03,+0.0E+00
+853.200E-03,+0.0E+00,-18.844E-03
+856.000E-03,+0.0E+00,+38.945E-03
+858.800E-03,-40.201E-03,-79.146E-03
+861.600E-03,+38.945E-03,-40.201E-03
+864.400E-03,-38.945E-03,+38.945E-03
+867.200E-03,-20.101E-03,-18.844E-03
+870.000E-03,+0.0E+00,-20.101E-03
+872.800E-03,-18.844E-03,-18.844E-03
+875.600E-03,+0.0E+00,+0.0E+00
+878.400E-03,+0.0E+00,+0.0E+00
+881.200E-03,+0.0E+00,+0.0E+00
+884.000E-03,+0.0E+00,-18.844E-03
+886.800E-03,-20.101E-03,+0.0E+00
+889.600E-03,-18.844E-03,+0.0E+00
+892.400E-03,-18.844E-03,+0.0E+00
+895.200E-03,+0.0E+00,+18.844E-03
+898.000E-03,-59.045E-03,+59.045E-03
+900.800E-03,+0.0E+00,-79.146E-03
+903.600E-03,+0.0E+00,+0.0E+00
+906.400E-03,-20.101E-03,+0.0E+00
+909.200E-03,+0.0E+00,+0.0E+00
+912.000E-03,-18.844E-03,+0.0E+00
+914.800E-03,-20.101E-03,+0.0E+00
+917.600E-03,+0.0E+00,+0.0E+00
+920.400E-03,+0.0E+00,+0.0E+00
+923.200E-03,+0.0E+00,+0.0E+00
+926.000E-03,-18.844E-03,+0.0E+00
+928.800E-03,-18.844E-03,+0.0E+00
+931.600E-03,+0.0E+00,+0.0E+00
+934.400E-03,-38.945E-03,+0.0E+00
+937.200E-03,+38.945E-03,-38.945E-03
+940.000E-03,-38.945E-03,+80.402E-03
+942.800E-03,+0.0E+00,-38.945E-03
+945.600E-03,-20.101E-03,+0.0E+00
+948.400E-03,-20.101E-03,+0.0E+00
+951.200E-03,-20.101E-03,+0.0E+00
+954.000E-03,+0.0E+00,+0.0E+00
+956.800E-03,+0.0E+00,+0.0E+00
+959.600E-03,-20.101E-03,-20.101E-03
+962.400E-03,-38.945E-03,+0.0E+00
+965.200E-03,+0.0E+00,-18.844E-03
+968.000E-03,-18.844E-03,-20.101E-03
+970.800E-03,+0.0E+00,-18.844E-03
+973.600E-03,+18.844E-03,+0.0E+00
+976.400E-03,+18.844E-03,-38.945E-03
+979.200E-03,+20.101E-03,+59.045E-03
+982.000E-03,-59.045E-03,-38.945E-03
+984.800E-03,-20.101E-03,-20.101E-03
+987.600E-03,+0.0E+00,+18.844E-03
+990.400E-03,+0.0E+00,+0.0E+00
+993.200E-03,+0.0E+00,+0.0E+00
+996.000E-03,-20.101E-03,+0.0E+00
+998.800E-03,-18.844E-03,-18.844E-03
+1.001600E+00,+0.0E+00,+0.0E+00
+1.004400E+00,-20.101E-03,-20.101E-03
+1.007200E+00,+0.0E+00,+0.0E+00
+1.010000E+00,-20.101E-03,-18.844E-03
+1.012800E+00,-18.844E-03,+0.0E+00
+1.015600E+00,-18.844E-03,-38.945E-03
+1.018400E+00,+38.945E-03,+38.945E-03
+1.021200E+00,-38.945E-03,+59.045E-03
+1.024000E+00,-20.101E-03,-18.844E-03
+1.026800E+00,+0.0E+00,+0.0E+00
+1.029600E+00,-20.101E-03,-18.844E-03
+1.032400E+00,-20.101E-03,+0.0E+00
+1.035200E+00,+0.0E+00,-18.844E-03
+1.038000E+00,-18.844E-03,-20.101E-03
+1.040800E+00,-20.101E-03,-18.844E-03
+1.043600E+00,+0.0E+00,+0.0E+00
+1.046400E+00,+0.0E+00,-18.844E-03
+1.049200E+00,-18.844E-03,+0.0E+00
+1.052000E+00,-18.844E-03,-18.844E-03
+1.054800E+00,+0.0E+00,+0.0E+00
+1.057600E+00,-18.844E-03,-59.045E-03
+1.060400E+00,+59.045E-03,+0.0E+00
+1.063200E+00,-18.844E-03,+18.844E-03
+1.066000E+00,+0.0E+00,+20.101E-03
+1.068800E+00,+0.0E+00,-20.101E-03
+1.071600E+00,-20.101E-03,-18.844E-03
+1.074400E+00,-18.844E-03,+0.0E+00
+1.077200E+00,-18.844E-03,+0.0E+00
+1.080000E+00,+0.0E+00,+0.0E+00
+1.082800E+00,-20.101E-03,-18.844E-03
+1.085600E+00,-18.844E-03,-18.844E-03
+1.088400E+00,-18.844E-03,+0.0E+00
+1.091200E+00,-18.844E-03,-18.844E-03
+1.094000E+00,-20.101E-03,-20.101E-03
+1.096800E+00,-59.045E-03,+18.844E-03
+1.099600E+00,+79.146E-03,-38.945E-03
+1.102400E+00,-38.945E-03,+18.844E-03
+1.105200E+00,-20.101E-03,+0.0E+00
+1.108000E+00,+0.0E+00,+0.0E+00
+1.110800E+00,-20.101E-03,-18.844E-03
+1.113600E+00,+0.0E+00,-20.101E-03
+1.116400E+00,-20.101E-03,+0.0E+00
+1.119200E+00,+0.0E+00,+0.0E+00
+1.122000E+00,-20.101E-03,+0.0E+00
+1.124800E+00,+0.0E+00,-18.844E-03
+1.127600E+00,-20.101E-03,-18.844E-03
+1.130400E+00,+0.0E+00,+18.844E-03
+1.133200E+00,-20.101E-03,+0.0E+00
+1.136000E+00,-20.101E-03,+18.844E-03
+1.138800E+00,+0.0E+00,-79.146E-03
+1.141600E+00,+38.945E-03,+18.844E-03
+1.144400E+00,-18.844E-03,+0.0E+00
+1.147200E+00,-20.101E-03,-18.844E-03
+1.150000E+00,-20.101E-03,+0.0E+00
+1.152800E+00,+0.0E+00,-18.844E-03
+1.155600E+00,-20.101E-03,-20.101E-03
+1.158400E+00,+0.0E+00,+0.0E+00
+1.161200E+00,+0.0E+00,+0.0E+00
+1.164000E+00,-20.101E-03,+0.0E+00
+1.166800E+00,+0.0E+00,-18.844E-03
+1.169600E+00,+0.0E+00,+0.0E+00
+1.172400E+00,-18.844E-03,+0.0E+00
+1.175200E+00,+0.0E+00,+0.0E+00
+1.178000E+00,-18.844E-03,+38.945E-03
+1.180800E+00,-40.201E-03,-79.146E-03
+1.183600E+00,+0.0E+00,+18.844E-03
+1.186400E+00,+0.0E+00,-18.844E-03
+1.189200E+00,+0.0E+00,-18.844E-03
+1.192000E+00,+0.0E+00,-18.844E-03
+1.194800E+00,-20.101E-03,-20.101E-03
+1.197600E+00,-20.101E-03,-18.844E-03
+1.200400E+00,+0.0E+00,+0.0E+00
+1.203200E+00,-20.101E-03,+0.0E+00
+1.206000E+00,-18.844E-03,+20.101E-03
+1.208800E+00,+0.0E+00,+0.0E+00
+1.211600E+00,-20.101E-03,-20.101E-03
+1.214400E+00,+0.0E+00,-38.945E-03
+1.217200E+00,+18.844E-03,+59.045E-03
+1.220000E+00,-79.146E-03,-18.844E-03
+1.222800E+00,+0.0E+00,+0.0E+00
+1.225600E+00,+0.0E+00,+0.0E+00
+1.228400E+00,+0.0E+00,-38.945E-03
+1.231200E+00,+0.0E+00,+0.0E+00
+1.234000E+00,-18.844E-03,-18.844E-03
+1.236800E+00,+0.0E+00,+0.0E+00
+1.239600E+00,-20.101E-03,+0.0E+00
+1.242400E+00,+0.0E+00,+18.844E-03
+1.245200E+00,-20.101E-03,-20.101E-03
+1.248000E+00,-20.101E-03,+0.0E+00
+1.250800E+00,+0.0E+00,+0.0E+00
+1.253600E+00,-38.945E-03,+0.0E+00
+1.256400E+00,+0.0E+00,-38.945E-03
+1.259200E+00,+0.0E+00,+79.146E-03
+1.262000E+00,-59.045E-03,-38.945E-03
+1.264800E+00,-20.101E-03,-18.844E-03
+1.267600E+00,-18.844E-03,+0.0E+00
+1.270400E+00,+0.0E+00,+0.0E+00
+1.273200E+00,+0.0E+00,-18.844E-03
+1.276000E+00,-18.844E-03,-18.844E-03
+1.278800E+00,-20.101E-03,-38.945E-03
+1.281600E+00,+0.0E+00,+0.0E+00
+1.284400E+00,-18.844E-03,+0.0E+00
+1.287200E+00,+0.0E+00,+0.0E+00
+1.290000E+00,-20.101E-03,-18.844E-03
+1.292800E+00,+0.0E+00,+0.0E+00
+1.295600E+00,-38.945E-03,-18.844E-03
+1.298400E+00,+38.945E-03,+0.0E+00
+1.301200E+00,-18.844E-03,+38.945E-03
+1.304000E+00,+0.0E+00,-18.844E-03
+1.306800E+00,+0.0E+00,+0.0E+00
+1.309600E+00,-18.844E-03,-18.844E-03
+1.312400E+00,+0.0E+00,-18.844E-03
+1.315200E+00,-20.101E-03,+0.0E+00
+1.318000E+00,-38.945E-03,+0.0E+00
+1.320800E+00,+0.0E+00,+0.0E+00
+1.323600E+00,-20.101E-03,+0.0E+00
+1.326400E+00,+0.0E+00,-20.101E-03
+1.329200E+00,-18.844E-03,+18.844E-03
+1.332000E+00,-20.101E-03,-18.844E-03
+1.334800E+00,-38.945E-03,-20.101E-03
+1.337600E+00,-38.945E-03,-38.945E-03
+1.340400E+00,+38.945E-03,+18.844E-03
+1.343200E+00,-38.945E-03,-18.844E-03
+1.346000E+00,+0.0E+00,+0.0E+00
+1.348800E+00,-20.101E-03,+0.0E+00
+1.351600E+00,-20.101E-03,+0.0E+00
+1.354400E+00,+0.0E+00,+0.0E+00
+1.357200E+00,+0.0E+00,-18.844E-03
+1.360000E+00,+0.0E+00,+0.0E+00
+1.362800E+00,-18.844E-03,+18.844E-03
+1.365600E+00,-20.101E-03,+18.844E-03
+1.368400E+00,-18.844E-03,+0.0E+00
+1.371200E+00,-18.844E-03,+0.0E+00
+1.374000E+00,+0.0E+00,+0.0E+00
+1.376800E+00,-59.045E-03,+0.0E+00
+1.379600E+00,+18.844E-03,-59.045E-03
+1.382400E+00,-38.945E-03,+18.844E-03
+1.385200E+00,-18.844E-03,-18.844E-03
+1.388000E+00,-20.101E-03,-18.844E-03
+1.390800E+00,+0.0E+00,+0.0E+00
+1.393600E+00,+0.0E+00,+18.844E-03
+1.396400E+00,+0.0E+00,+0.0E+00
+1.399200E+00,+0.0E+00,+18.844E-03
+1.402000E+00,-18.844E-03,+0.0E+00
+1.404800E+00,-20.101E-03,-20.101E-03
+1.407600E+00,+0.0E+00,+0.0E+00
+1.410400E+00,+0.0E+00,+0.0E+00
+1.413200E+00,-20.101E-03,-18.844E-03
+1.416000E+00,+0.0E+00,+38.945E-03
+1.418800E+00,-79.146E-03,-38.945E-03
+1.421600E+00,+0.0E+00,+18.844E-03
+1.424400E+00,-18.844E-03,+0.0E+00
+1.427200E+00,-18.844E-03,+0.0E+00
+1.430000E+00,-18.844E-03,+0.0E+00
+1.432800E+00,+0.0E+00,+0.0E+00
+1.435600E+00,-20.101E-03,-18.844E-03
+1.438400E+00,-18.844E-03,+0.0E+00
+1.441200E+00,-18.844E-03,-18.844E-03
+1.444000E+00,+0.0E+00,+0.0E+00
+1.446800E+00,+0.0E+00,+0.0E+00
+1.449600E+00,+0.0E+00,+0.0E+00
+1.452400E+00,-18.844E-03,+0.0E+00
+1.455200E+00,+0.0E+00,+0.0E+00
+1.458000E+00,-38.945E-03,+59.045E-03
+1.460800E+00,-40.201E-03,-38.945E-03
+1.463600E+00,+0.0E+00,+0.0E+00
+1.466400E+00,-20.101E-03,+0.0E+00
+1.469200E+00,+0.0E+00,-20.101E-03
+1.472000E+00,-18.844E-03,-20.101E-03
+1.474800E+00,-20.101E-03,-18.844E-03
+1.477600E+00,+0.0E+00,+0.0E+00
+1.480400E+00,-20.101E-03,+0.0E+00
+1.483200E+00,+0.0E+00,+0.0E+00
+1.486000E+00,-18.844E-03,+0.0E+00
+1.488800E+00,-20.101E-03,+0.0E+00
+1.491600E+00,-20.101E-03,+0.0E+00
+1.494400E+00,+0.0E+00,-18.844E-03
+1.497200E+00,+20.101E-03,+0.0E+00
+1.500000E+00,-79.146E-03,+0.0E+00
+1.502800E+00,-20.101E-03,-38.945E-03
+1.505600E+00,+0.0E+00,+0.0E+00
+1.508400E+00,+0.0E+00,+0.0E+00
+1.511200E+00,-18.844E-03,+0.0E+00
+1.514000E+00,-18.844E-03,+0.0E+00
+1.516800E+00,-20.101E-03,-20.101E-03
+1.519600E+00,-20.101E-03,-38.945E-03
+1.522400E+00,+0.0E+00,+0.0E+00
+1.525200E+00,+0.0E+00,+0.0E+00
+1.528000E+00,-18.844E-03,+0.0E+00
+1.530800E+00,-20.101E-03,+0.0E+00
+1.533600E+00,-18.844E-03,+18.844E-03
+1.536400E+00,+0.0E+00,-38.945E-03
+1.539200E+00,+40.201E-03,+0.0E+00
+1.542000E+00,-38.945E-03,-38.945E-03
+1.544800E+00,-20.101E-03,-20.101E-03
+1.547600E+00,+0.0E+00,+0.0E+00
+1.550400E+00,-38.945E-03,+0.0E+00
+1.553200E+00,-18.844E-03,+18.844E-03
+1.556000E+00,-18.844E-03,+18.844E-03
+1.558800E+00,-20.101E-03,-18.844E-03
+1.561600E+00,-20.101E-03,+0.0E+00
+1.564400E+00,-20.101E-03,-20.101E-03
+1.567200E+00,-20.101E-03,+0.0E+00
+1.570000E+00,-20.101E-03,+0.0E+00
+1.572800E+00,-18.844E-03,+0.0E+00
+1.575600E+00,-38.945E-03,-18.844E-03
+1.578400E+00,+38.945E-03,-38.945E-03
+1.581200E+00,-38.945E-03,+38.945E-03
+1.584000E+00,-20.101E-03,-18.844E-03
+1.586800E+00,-20.101E-03,+0.0E+00
+1.589600E+00,+0.0E+00,-18.844E-03
+1.592400E+00,+0.0E+00,+0.0E+00
+1.595200E+00,-20.101E-03,+0.0E+00
+1.598000E+00,-18.844E-03,+0.0E+00
+1.600800E+00,-20.101E-03,+0.0E+00
+1.603600E+00,+0.0E+00,+18.844E-03
+1.606400E+00,+0.0E+00,+0.0E+00
+1.609200E+00,+0.0E+00,+0.0E+00
+1.612000E+00,-20.101E-03,-18.844E-03
+1.614800E+00,+0.0E+00,+18.844E-03
+1.617600E+00,-40.201E-03,-18.844E-03
+1.620400E+00,+18.844E-03,+38.945E-03
+1.623200E+00,-18.844E-03,+0.0E+00
+1.626000E+00,-20.101E-03,-20.101E-03
+1.628800E+00,+0.0E+00,+0.0E+00
+1.631600E+00,+0.0E+00,+0.0E+00
+1.634400E+00,-18.844E-03,+0.0E+00
+1.637200E+00,+0.0E+00,+0.0E+00
+1.640000E+00,+0.0E+00,+18.844E-03
+1.642800E+00,+0.0E+00,+0.0E+00
+1.645600E+00,-20.101E-03,-18.844E-03
+1.648400E+00,+0.0E+00,+0.0E+00
+1.651200E+00,+0.0E+00,+0.0E+00
+1.654000E+00,+0.0E+00,+0.0E+00
+1.656800E+00,-38.945E-03,-18.844E-03
+1.659600E+00,+18.844E-03,-59.045E-03
+1.662400E+00,-20.101E-03,+18.844E-03
+1.665200E+00,-20.101E-03,-18.844E-03
+1.668000E+00,+0.0E+00,-18.844E-03
+1.670800E+00,-18.844E-03,+0.0E+00
+1.673600E+00,+0.0E+00,-20.101E-03
+1.676400E+00,+0.0E+00,+0.0E+00
+1.679200E+00,+0.0E+00,+0.0E+00
+1.682000E+00,+0.0E+00,+0.0E+00
+1.684800E+00,-20.101E-03,+0.0E+00
+1.687600E+00,-20.101E-03,+0.0E+00
+1.690400E+00,+0.0E+00,+0.0E+00
+1.693200E+00,-18.844E-03,+0.0E+00
+1.696000E+00,+0.0E+00,+0.0E+00
+1.698800E+00,-59.045E-03,-18.844E-03
+1.701600E+00,+0.0E+00,-38.945E-03
+1.704400E+00,+0.0E+00,+0.0E+00
+1.707200E+00,-18.844E-03,+0.0E+00
+1.710000E+00,+0.0E+00,+0.0E+00
+1.712800E+00,-18.844E-03,+0.0E+00
+1.715600E+00,-20.101E-03,+0.0E+00
+1.718400E+00,+0.0E+00,-20.101E-03
+1.721200E+00,-18.844E-03,+0.0E+00
+1.724000E+00,-18.844E-03,+0.0E+00
+1.726800E+00,+0.0E+00,+0.0E+00
+1.729600E+00,+0.0E+00,-20.101E-03
+1.732400E+00,+0.0E+00,+0.0E+00
+1.735200E+00,+0.0E+00,+0.0E+00
+1.738000E+00,-59.045E-03,+0.0E+00
+1.740800E+00,-59.045E-03,-18.844E-03
+1.743600E+00,-18.844E-03,+0.0E+00
+1.746400E+00,-20.101E-03,+0.0E+00
+1.749200E+00,+0.0E+00,+0.0E+00
+1.752000E+00,-18.844E-03,+18.844E-03
+1.754800E+00,-20.101E-03,+0.0E+00
+1.757600E+00,-20.101E-03,+0.0E+00
+1.760400E+00,+0.0E+00,+0.0E+00
+1.763200E+00,-18.844E-03,+0.0E+00
+1.766000E+00,-18.844E-03,+0.0E+00
+1.768800E+00,+0.0E+00,+0.0E+00
+1.771600E+00,+0.0E+00,+0.0E+00
+1.774400E+00,-20.101E-03,-18.844E-03
+1.777200E+00,+18.844E-03,+18.844E-03
+1.780000E+00,-59.045E-03,+0.0E+00
+1.782800E+00,+18.844E-03,-18.844E-03
+1.785600E+00,-38.945E-03,+0.0E+00
+1.788400E+00,+0.0E+00,+0.0E+00
+1.791200E+00,+0.0E+00,+0.0E+00
+1.794000E+00,-18.844E-03,-20.101E-03
+1.796800E+00,+18.844E-03,-20.101E-03
+1.799600E+00,+0.0E+00,-18.844E-03
+1.802400E+00,+0.0E+00,+0.0E+00
+1.805200E+00,+0.0E+00,+0.0E+00
+1.808000E+00,-18.844E-03,+0.0E+00
+1.810800E+00,-20.101E-03,-18.844E-03
+1.813600E+00,+0.0E+00,+18.844E-03
+1.816400E+00,+0.0E+00,-18.844E-03
+1.819200E+00,-40.201E-03,+38.945E-03
+1.822000E+00,-38.945E-03,+0.0E+00
+1.824800E+00,+0.0E+00,-18.844E-03
+1.827600E+00,-18.844E-03,+0.0E+00
+1.830400E+00,+0.0E+00,-20.101E-03
+1.833200E+00,-18.844E-03,+0.0E+00
+1.836000E+00,+0.0E+00,+18.844E-03
+1.838800E+00,+0.0E+00,-18.844E-03
+1.841600E+00,+0.0E+00,+0.0E+00
+1.844400E+00,-38.945E-03,-20.101E-03
+1.847200E+00,-38.945E-03,+0.0E+00
+1.850000E+00,-38.945E-03,-18.844E-03
+1.852800E+00,+0.0E+00,+0.0E+00
+1.855600E+00,-20.101E-03,-18.844E-03
+1.858400E+00,+59.045E-03,-38.945E-03
+1.861200E+00,-18.844E-03,+18.844E-03
+1.864000E+00,-20.101E-03,-18.844E-03
+1.866800E+00,+0.0E+00,+0.0E+00
+1.869600E+00,-20.101E-03,+0.0E+00
+1.872400E+00,-18.844E-03,+0.0E+00
+1.875200E+00,-20.101E-03,+0.0E+00
+1.878000E+00,-20.101E-03,+0.0E+00
+1.880800E+00,+0.0E+00,+0.0E+00
+1.883600E+00,-20.101E-03,+0.0E+00
+1.886400E+00,+0.0E+00,+0.0E+00
+1.889200E+00,-18.844E-03,+0.0E+00
+1.892000E+00,+0.0E+00,+0.0E+00
+1.894800E+00,-20.101E-03,+0.0E+00
+1.897600E+00,-20.101E-03,+0.0E+00
+1.900400E+00,-20.101E-03,-20.101E-03
+1.903200E+00,-20.101E-03,+0.0E+00
+1.906000E+00,-18.844E-03,+0.0E+00
+1.908800E+00,-20.101E-03,-18.844E-03
+1.911600E+00,-20.101E-03,+0.0E+00
+1.914400E+00,+0.0E+00,+0.0E+00
+1.917200E+00,+0.0E+00,+0.0E+00
+1.920000E+00,-20.101E-03,+0.0E+00
+1.922800E+00,+0.0E+00,-18.844E-03
+1.925600E+00,+0.0E+00,+0.0E+00
+1.928400E+00,-18.844E-03,+0.0E+00
+1.931200E+00,-20.101E-03,+0.0E+00
+1.934000E+00,+0.0E+00,-18.844E-03
+1.936800E+00,-20.101E-03,+0.0E+00
+1.939600E+00,-20.101E-03,+0.0E+00
+1.942400E+00,-20.101E-03,-20.101E-03
+1.945200E+00,-18.844E-03,-18.844E-03
+1.948000E+00,-38.945E-03,-18.844E-03
+1.950800E+00,-18.844E-03,+0.0E+00
+1.953600E+00,-20.101E-03,+0.0E+00
+1.956400E+00,-20.101E-03,+0.0E+00
+1.959200E+00,+0.0E+00,+0.0E+00
+1.962000E+00,+0.0E+00,+18.844E-03
+1.964800E+00,-18.844E-03,-18.844E-03
+1.967600E+00,+0.0E+00,+18.844E-03
+1.970400E+00,+0.0E+00,+0.0E+00
+1.973200E+00,+18.844E-03,+0.0E+00
+1.976000E+00,-20.101E-03,+0.0E+00
+1.978800E+00,-20.101E-03,+18.844E-03
+1.981600E+00,-20.101E-03,+0.0E+00
+1.984400E+00,-20.101E-03,-18.844E-03
+1.987200E+00,-18.844E-03,+0.0E+00
+1.990000E+00,-20.101E-03,+0.0E+00
+1.992800E+00,+0.0E+00,+0.0E+00
+1.995600E+00,-18.844E-03,+0.0E+00
+1.998400E+00,-18.844E-03,+0.0E+00
+2.001200E+00,+0.0E+00,-20.101E-03
+2.004000E+00,+0.0E+00,+18.844E-03
+2.006800E+00,-18.844E-03,+0.0E+00
+2.009600E+00,+0.0E+00,+18.844E-03
+2.012400E+00,-18.844E-03,+0.0E+00
+2.015200E+00,-20.101E-03,-18.844E-03
+2.018000E+00,-20.101E-03,-18.844E-03
+2.020800E+00,-18.844E-03,-18.844E-03
+2.023600E+00,-18.844E-03,+0.0E+00
+2.026400E+00,-20.101E-03,-20.101E-03
+2.029200E+00,+0.0E+00,+0.0E+00
+2.032000E+00,-20.101E-03,-18.844E-03
+2.034800E+00,-38.945E-03,+0.0E+00
+2.037600E+00,-20.101E-03,+0.0E+00
+2.040400E+00,-20.101E-03,-18.844E-03
+2.043200E+00,+0.0E+00,-18.844E-03
+2.046000E+00,-20.101E-03,+0.0E+00
+2.048800E+00,+0.0E+00,+0.0E+00
+2.051600E+00,-18.844E-03,+0.0E+00
+2.054400E+00,-20.101E-03,-38.945E-03
+2.057200E+00,+0.0E+00,+18.844E-03
+2.060000E+00,-20.101E-03,-18.844E-03
+2.062800E+00,-20.101E-03,+0.0E+00
+2.065600E+00,-20.101E-03,-18.844E-03
+2.068400E+00,+0.0E+00,-18.844E-03
+2.071200E+00,-20.101E-03,-18.844E-03
+2.074000E+00,+0.0E+00,+0.0E+00
+2.076800E+00,-20.101E-03,+0.0E+00
+2.079600E+00,-18.844E-03,+0.0E+00
+2.082400E+00,-18.844E-03,+0.0E+00
+2.085200E+00,+0.0E+00,+0.0E+00
+2.088000E+00,+0.0E+00,-38.945E-03
+2.090800E+00,+0.0E+00,+0.0E+00
+2.093600E+00,-20.101E-03,+0.0E+00
+2.096400E+00,+0.0E+00,+0.0E+00
+2.099200E+00,+0.0E+00,+0.0E+00
+2.102000E+00,-20.101E-03,-18.844E-03
+2.104800E+00,+0.0E+00,+0.0E+00
+2.107600E+00,-20.101E-03,+0.0E+00
+2.110400E+00,-20.101E-03,+0.0E+00
+2.113200E+00,+0.0E+00,-18.844E-03
+2.116000E+00,-18.844E-03,-20.101E-03
+2.118800E+00,+0.0E+00,+0.0E+00
+2.121600E+00,-18.844E-03,-18.844E-03
+2.124400E+00,+0.0E+00,-20.101E-03
+2.127200E+00,-38.945E-03,-18.844E-03
+2.130000E+00,+0.0E+00,+18.844E-03
+2.132800E+00,-18.844E-03,-18.844E-03
+2.135600E+00,+0.0E+00,-18.844E-03
+2.138400E+00,+0.0E+00,-18.844E-03
+2.141200E+00,-18.844E-03,+0.0E+00
+2.144000E+00,-20.101E-03,+18.844E-03
+2.146800E+00,-18.844E-03,-18.844E-03
+2.149600E+00,-20.101E-03,+0.0E+00
+2.152400E+00,-18.844E-03,-20.101E-03
+2.155200E+00,-20.101E-03,-18.844E-03
+2.158000E+00,-20.101E-03,+0.0E+00
+2.160800E+00,-20.101E-03,-20.101E-03
+2.163600E+00,-18.844E-03,+0.0E+00
+2.166400E+00,+0.0E+00,+0.0E+00
+2.169200E+00,+0.0E+00,+0.0E+00
+2.172000E+00,+0.0E+00,+0.0E+00
+2.174800E+00,+0.0E+00,+0.0E+00
+2.177600E+00,-18.844E-03,+0.0E+00
+2.180400E+00,-20.101E-03,+0.0E+00
+2.183200E+00,+0.0E+00,+0.0E+00
+2.186000E+00,-20.101E-03,+0.0E+00
+2.188800E+00,-18.844E-03,+0.0E+00
+2.191600E+00,+0.0E+00,-18.844E-03
+2.194400E+00,-20.101E-03,-18.844E-03
+2.197200E+00,+0.0E+00,+0.0E+00
+2.200000E+00,+0.0E+00,+0.0E+00
+2.202800E+00,-18.844E-03,+0.0E+00
+2.205600E+00,-20.101E-03,-20.101E-03
+2.208400E+00,-20.101E-03,-18.844E-03
+2.211200E+00,-20.101E-03,+0.0E+00
+2.214000E+00,-20.101E-03,-18.844E-03
+2.216800E+00,+0.0E+00,+0.0E+00
+2.219600E+00,-18.844E-03,+0.0E+00
+2.222400E+00,-18.844E-03,+0.0E+00
+2.225200E+00,-20.101E-03,+18.844E-03
+2.228000E+00,-20.101E-03,-20.101E-03
+2.230800E+00,-20.101E-03,+0.0E+00
+2.233600E+00,-18.844E-03,+0.0E+00
+2.236400E+00,+0.0E+00,-38.945E-03
+2.239200E+00,-18.844E-03,-20.101E-03
+2.242000E+00,+18.844E-03,+0.0E+00
+2.244800E+00,+0.0E+00,-20.101E-03
+2.247600E+00,-20.101E-03,+0.0E+00
+2.250400E+00,+0.0E+00,+0.0E+00
+2.253200E+00,+0.0E+00,-18.844E-03
+2.256000E+00,-18.844E-03,+0.0E+00
+2.258800E+00,+0.0E+00,+0.0E+00
+2.261600E+00,-18.844E-03,-20.101E-03
+2.264400E+00,+0.0E+00,+0.0E+00
+2.267200E+00,+0.0E+00,+0.0E+00
+2.270000E+00,-20.101E-03,+0.0E+00
+2.272800E+00,+0.0E+00,+0.0E+00
+2.275600E+00,+0.0E+00,+0.0E+00
+2.278400E+00,+0.0E+00,+0.0E+00
+2.281200E+00,-20.101E-03,+18.844E-03
+2.284000E+00,-18.844E-03,-18.844E-03
+2.286800E+00,+0.0E+00,+0.0E+00
+2.289600E+00,-20.101E-03,+0.0E+00
+2.292400E+00,-18.844E-03,+0.0E+00
+2.295200E+00,-20.101E-03,-18.844E-03
+2.298000E+00,-20.101E-03,+0.0E+00
+2.300800E+00,+0.0E+00,-18.844E-03
+2.303600E+00,-38.945E-03,+0.0E+00
+2.306400E+00,-18.844E-03,+18.844E-03
+2.309200E+00,-18.844E-03,-18.844E-03
+2.312000E+00,+0.0E+00,+0.0E+00
+2.314800E+00,-18.844E-03,-18.844E-03
+2.317600E+00,-18.844E-03,-20.101E-03
+2.320400E+00,+0.0E+00,+0.0E+00
+2.323200E+00,-20.101E-03,+0.0E+00
+2.326000E+00,-20.101E-03,+0.0E+00
+2.328800E+00,-20.101E-03,+0.0E+00
+2.331600E+00,-38.945E-03,+18.844E-03
+2.334400E+00,+0.0E+00,+0.0E+00
+2.337200E+00,-18.844E-03,+0.0E+00
+2.340000E+00,-18.844E-03,+0.0E+00
+2.342800E+00,-20.101E-03,+0.0E+00
+2.345600E+00,-20.101E-03,+0.0E+00
+2.348400E+00,-20.101E-03,+0.0E+00
+2.351200E+00,-18.844E-03,+0.0E+00
+2.354000E+00,-20.101E-03,+0.0E+00
+2.356800E+00,-18.844E-03,+0.0E+00
+2.359600E+00,,
+2.362400E+00,,
+2.365200E+00,,
+2.368000E+00,,
+2.370800E+00,,
+2.373600E+00,,
+2.376400E+00,,
+2.379200E+00,,
+2.382000E+00,,
+2.384800E+00,,
+2.387600E+00,,
+2.390400E+00,,
+2.393200E+00,,
+2.396000E+00,,
+2.398800E+00,,
+2.401600E+00,,
+2.404400E+00,,
+2.407200E+00,,
+2.410000E+00,,
+2.412800E+00,,
+2.415600E+00,,
+2.418400E+00,,
+2.421200E+00,,
+2.424000E+00,,
+2.426800E+00,,
+2.429600E+00,,
+2.432400E+00,,
+2.435200E+00,,
+2.438000E+00,,
+2.440800E+00,,
+2.443600E+00,,
+2.446400E+00,,
+2.449200E+00,,
+2.452000E+00,,
+2.454800E+00,,
+2.457600E+00,,
+2.460400E+00,,
+2.463200E+00,,
+2.466000E+00,,
+2.468800E+00,,
+2.471600E+00,,
+2.474400E+00,,
+2.477200E+00,,
+2.480000E+00,,
+2.482800E+00,,
+2.485600E+00,,
+2.488400E+00,,
+2.491200E+00,,
+2.494000E+00,,
+2.496800E+00,,
+2.499600E+00,,
+2.502400E+00,,
+2.505200E+00,,
+2.508000E+00,,
+2.510800E+00,,
+2.513600E+00,,
+2.516400E+00,,
+2.519200E+00,,
+2.522000E+00,,
+2.524800E+00,,
+2.527600E+00,,
+2.530400E+00,,
+2.533200E+00,,
+2.536000E+00,,
+2.538800E+00,,
+2.541600E+00,,
+2.544400E+00,,
+2.547200E+00,,
+2.550000E+00,,
+2.552800E+00,,
+2.555600E+00,,
+2.558400E+00,,
+2.561200E+00,,
+2.564000E+00,,
+2.566800E+00,,
+2.569600E+00,,
+2.572400E+00,,
+2.575200E+00,,
+2.578000E+00,,
+2.580800E+00,,
+2.583600E+00,,
+2.586400E+00,,
+2.589200E+00,,
+2.592000E+00,,
+2.594800E+00,,
+2.597600E+00,,
+2.600400E+00,,
+2.603200E+00,,
+2.606000E+00,,
+2.608800E+00,,
+2.611600E+00,,
+2.614400E+00,,
+2.617200E+00,,
+2.620000E+00,,
+2.622800E+00,,
+2.625600E+00,,
+2.628400E+00,,
+2.631200E+00,,
+2.634000E+00,,
+2.636800E+00,,
+2.639600E+00,,
+2.642400E+00,,
+2.645200E+00,,
+2.648000E+00,,
+2.650800E+00,,
+2.653600E+00,,
+2.656400E+00,,
+2.659200E+00,,
+2.662000E+00,,
+2.664800E+00,,
+2.667600E+00,,
+2.670400E+00,,
+2.673200E+00,,
+2.676000E+00,,
+2.678800E+00,,
+2.681600E+00,,
+2.684400E+00,,
+2.687200E+00,,
+2.690000E+00,,
+2.692800E+00,,
+2.695600E+00,,
+2.698400E+00,,
+2.701200E+00,,
+2.704000E+00,,
+2.706800E+00,,
+2.709600E+00,,
+2.712400E+00,,
+2.715200E+00,,
+2.718000E+00,,
+2.720800E+00,,
+2.723600E+00,,
+2.726400E+00,,
+2.729200E+00,,
+2.732000E+00,,
+2.734800E+00,,
+2.737600E+00,,
+2.740400E+00,,
+2.743200E+00,,
+2.746000E+00,,
+2.748800E+00,,
+2.751600E+00,,
+2.754400E+00,,
+2.757200E+00,,
+2.760000E+00,,
+2.762800E+00,,
+2.765600E+00,,
+2.768400E+00,,
+2.771200E+00,,
+2.774000E+00,,
+2.776800E+00,,
+2.779600E+00,,
+2.782400E+00,,
+2.785200E+00,,
+2.788000E+00,,
+2.790800E+00,,
+2.793600E+00,,
+2.796400E+00,,
+2.799200E+00,,
+2.802000E+00,,
+2.804800E+00,,
+2.807600E+00,,
+2.810400E+00,,
+2.813200E+00,,
+2.816000E+00,,
+2.818800E+00,,
+2.821600E+00,,
+2.824400E+00,,
+2.827200E+00,,
